team,num,name,type,slug_url
FWC,1,Official Emblem,fwc special · foil,https://scanini.app/teams/world-cup-history
FWC,2,Official Emblem,fwc special · foil,https://scanini.app/teams/world-cup-history
FWC,3,Official Mascots,fwc special · foil,https://scanini.app/teams/world-cup-history
FWC,4,Official Slogan,fwc special · foil,https://scanini.app/teams/world-cup-history
FWC,5,Official Ball,fwc special · foil,https://scanini.app/teams/world-cup-history
FWC,6,Canada - Host Countries & Cities,fwc special · foil,https://scanini.app/teams/world-cup-history
FWC,7,Mexico - Host Countries & Cities,fwc special · foil,https://scanini.app/teams/world-cup-history
FWC,8,USA - Host Countries & Cities,fwc special · foil,https://scanini.app/teams/world-cup-history
FWC,9,Italy 1934 - World Cup History,fwc special · foil,https://scanini.app/teams/world-cup-history
FWC,10,Uruguay 1950 - World Cup History,fwc special · foil,https://scanini.app/teams/world-cup-history
FWC,11,West Germany 1954 - World Cup History,fwc special · foil,https://scanini.app/teams/world-cup-history
FWC,12,Brazil 1962 - World Cup History,fwc special · foil,https://scanini.app/teams/world-cup-history
FWC,13,West Germany 1974 - World Cup History,fwc special · foil,https://scanini.app/teams/world-cup-history
FWC,14,Argentina 1986 - World Cup History,fwc special · foil,https://scanini.app/teams/world-cup-history
FWC,15,Brazil 1994 - World Cup History,fwc special · foil,https://scanini.app/teams/world-cup-history
FWC,16,Brazil 2002 - World Cup History,fwc special · foil,https://scanini.app/teams/world-cup-history
FWC,17,Italy 2006 - World Cup History,fwc special · foil,https://scanini.app/teams/world-cup-history
FWC,18,Germany 2014 - World Cup History,fwc special · foil,https://scanini.app/teams/world-cup-history
FWC,19,Argentina 2022 - World Cup History,fwc special · foil,https://scanini.app/teams/world-cup-history
ALG,1,Team Logo,team logo · foil,https://scanini.app/teams/algeria
ALG,2,Alexis Guendouz,player,https://scanini.app/teams/algeria
ALG,3,Ramy Bensebaini,player,https://scanini.app/teams/algeria
ALG,4,Youcef Atal,player,https://scanini.app/teams/algeria
ALG,5,Rayan Aït-Nouri,player,https://scanini.app/teams/algeria
ALG,6,Mohamed Amine Tougai,player,https://scanini.app/teams/algeria
ALG,7,Aïssa Mandi,player,https://scanini.app/teams/algeria
ALG,8,Ismael Bennacer,player,https://scanini.app/teams/algeria
ALG,9,Houssem Aquar,player,https://scanini.app/teams/algeria
ALG,10,Hicham Boudaoui,player,https://scanini.app/teams/algeria
ALG,11,Ramiz Zerrouki,player,https://scanini.app/teams/algeria
ALG,12,Nabil Bentalab,player,https://scanini.app/teams/algeria
ALG,13,Team Photo,team photo,https://scanini.app/teams/algeria
ALG,14,Farés Chaibi,player,https://scanini.app/teams/algeria
ALG,15,Riyad Mahrez,player,https://scanini.app/teams/algeria
ALG,16,Said Benrahma,player,https://scanini.app/teams/algeria
ALG,17,Anis Hadj Moussa,player,https://scanini.app/teams/algeria
ALG,18,Amine Gouiri,player,https://scanini.app/teams/algeria
ALG,19,Baghdad Bounedjah,player,https://scanini.app/teams/algeria
ALG,20,Mohammed Amoura,player,https://scanini.app/teams/algeria
ARG,1,Team Logo,team logo · foil,https://scanini.app/teams/argentina
ARG,2,Emiliano Martinez,player,https://scanini.app/teams/argentina
ARG,3,Nahuel Molina,player,https://scanini.app/teams/argentina
ARG,4,Cristian Romero,player,https://scanini.app/teams/argentina
ARG,5,Nicolas Otamendi,player,https://scanini.app/teams/argentina
ARG,6,Nicolas Tagliafico,player,https://scanini.app/teams/argentina
ARG,7,Leonardo Balerdi,player,https://scanini.app/teams/argentina
ARG,8,Enzo Fernandez,player,https://scanini.app/teams/argentina
ARG,9,Alexis Mac Allister,player,https://scanini.app/teams/argentina
ARG,10,Rodrigo De Paul,player,https://scanini.app/teams/argentina
ARG,11,Exequiel Palacios,player,https://scanini.app/teams/argentina
ARG,12,Leandro Paredes,player,https://scanini.app/teams/argentina
ARG,13,Team Photo,team photo,https://scanini.app/teams/argentina
ARG,14,Nico Paz,player,https://scanini.app/teams/argentina
ARG,15,Franco Mastantuono,player,https://scanini.app/teams/argentina
ARG,16,Nico Gonzalez,player,https://scanini.app/teams/argentina
ARG,17,Lionel Messi,player,https://scanini.app/teams/argentina
ARG,18,Lautaro Martinez,player,https://scanini.app/teams/argentina
ARG,19,Julian Alvarez,player,https://scanini.app/teams/argentina
ARG,20,Giuliano Simeone,player,https://scanini.app/teams/argentina
AUS,1,Team Logo,team logo · foil,https://scanini.app/teams/australia
AUS,2,Mathew Ryan,player,https://scanini.app/teams/australia
AUS,3,Joe Gauci,player,https://scanini.app/teams/australia
AUS,4,Harry Souttar,player,https://scanini.app/teams/australia
AUS,5,Alessandro Circati,player,https://scanini.app/teams/australia
AUS,6,Jordan Bos,player,https://scanini.app/teams/australia
AUS,7,Aziz Behich,player,https://scanini.app/teams/australia
AUS,8,Cameron Burgess,player,https://scanini.app/teams/australia
AUS,9,Lewis Miller,player,https://scanini.app/teams/australia
AUS,10,Milos Degenek,player,https://scanini.app/teams/australia
AUS,11,Jackson Irvine,player,https://scanini.app/teams/australia
AUS,12,Riley McGree,player,https://scanini.app/teams/australia
AUS,13,Team Photo,team photo,https://scanini.app/teams/australia
AUS,14,Aiden O'Neill,player,https://scanini.app/teams/australia
AUS,15,Connor Metcalfe,player,https://scanini.app/teams/australia
AUS,16,Patrick Yazbek,player,https://scanini.app/teams/australia
AUS,17,Craig Goodwin,player,https://scanini.app/teams/australia
AUS,18,Kusini Vengi,player,https://scanini.app/teams/australia
AUS,19,Nestory Irankunda,player,https://scanini.app/teams/australia
AUS,20,Mohamed Touré,player,https://scanini.app/teams/australia
AUT,1,Team Logo,team logo · foil,https://scanini.app/teams/austria
AUT,2,Alexander Schlager,player,https://scanini.app/teams/austria
AUT,3,Patrick Pentz,player,https://scanini.app/teams/austria
AUT,4,David Alaba,player,https://scanini.app/teams/austria
AUT,5,Kevin Danso,player,https://scanini.app/teams/austria
AUT,6,Philipp Lienhart,player,https://scanini.app/teams/austria
AUT,7,Stefan Posch,player,https://scanini.app/teams/austria
AUT,8,Phillipp Mwene,player,https://scanini.app/teams/austria
AUT,9,Alexander Prass,player,https://scanini.app/teams/austria
AUT,10,Xaver Schlager,player,https://scanini.app/teams/austria
AUT,11,Marcel Sabitzer,player,https://scanini.app/teams/austria
AUT,12,Konrad Laimer,player,https://scanini.app/teams/austria
AUT,13,Team Photo,team photo,https://scanini.app/teams/austria
AUT,14,Florian Grillitsch,player,https://scanini.app/teams/austria
AUT,15,Nicolas Seiwald,player,https://scanini.app/teams/austria
AUT,16,Romano Schmid,player,https://scanini.app/teams/austria
AUT,17,Patrick Wimmer,player,https://scanini.app/teams/austria
AUT,18,Christoph Baumgartner,player,https://scanini.app/teams/austria
AUT,19,Michael Gregoritsch,player,https://scanini.app/teams/austria
AUT,20,Marko Arnautović,player,https://scanini.app/teams/austria
BEL,1,Team Logo,team logo · foil,https://scanini.app/teams/belgium
BEL,2,Thibaut Courtois,player,https://scanini.app/teams/belgium
BEL,3,Arthur Theate,player,https://scanini.app/teams/belgium
BEL,4,Timothy Castagne,player,https://scanini.app/teams/belgium
BEL,5,Zeno Debast,player,https://scanini.app/teams/belgium
BEL,6,Brandon Mechele,player,https://scanini.app/teams/belgium
BEL,7,Maxim De Cuyper,player,https://scanini.app/teams/belgium
BEL,8,Thomas Meunier,player,https://scanini.app/teams/belgium
BEL,9,Youri Tielemans,player,https://scanini.app/teams/belgium
BEL,10,Amadou Onana,player,https://scanini.app/teams/belgium
BEL,11,Nicolas Raskin,player,https://scanini.app/teams/belgium
BEL,12,Alexis Saelemaekers,player,https://scanini.app/teams/belgium
BEL,13,Team Photo,team photo,https://scanini.app/teams/belgium
BEL,14,Hans Vanaken,player,https://scanini.app/teams/belgium
BEL,15,Kevin De Bruyne,player,https://scanini.app/teams/belgium
BEL,16,Jérémy Doku,player,https://scanini.app/teams/belgium
BEL,17,Charles De Ketelaere,player,https://scanini.app/teams/belgium
BEL,18,Leandro Trossard,player,https://scanini.app/teams/belgium
BEL,19,Loïs Openda,player,https://scanini.app/teams/belgium
BEL,20,Romelu Lukaku,player,https://scanini.app/teams/belgium
BIH,1,Team Logo,team logo · foil,https://scanini.app/teams/bosnia-and-herzegovina
BIH,2,Nikola Vasilj,player,https://scanini.app/teams/bosnia-and-herzegovina
BIH,3,Amer Dedic,player,https://scanini.app/teams/bosnia-and-herzegovina
BIH,4,Sead Kolasinac,player,https://scanini.app/teams/bosnia-and-herzegovina
BIH,5,Tarik Muharemovic,player,https://scanini.app/teams/bosnia-and-herzegovina
BIH,6,Nihad Mujakic,player,https://scanini.app/teams/bosnia-and-herzegovina
BIH,7,Nikola Katic,player,https://scanini.app/teams/bosnia-and-herzegovina
BIH,8,Amir Hadziahmetovic,player,https://scanini.app/teams/bosnia-and-herzegovina
BIH,9,Benjamin Tahirovic,player,https://scanini.app/teams/bosnia-and-herzegovina
BIH,10,Armin Gigovic,player,https://scanini.app/teams/bosnia-and-herzegovina
BIH,11,Ivan Sunjic,player,https://scanini.app/teams/bosnia-and-herzegovina
BIH,12,Ivan Basic,player,https://scanini.app/teams/bosnia-and-herzegovina
BIH,13,Team Photo,team photo,https://scanini.app/teams/bosnia-and-herzegovina
BIH,14,Dzenis Burnic,player,https://scanini.app/teams/bosnia-and-herzegovina
BIH,15,Esmir Bajraktarevic,player,https://scanini.app/teams/bosnia-and-herzegovina
BIH,16,Amar Memic,player,https://scanini.app/teams/bosnia-and-herzegovina
BIH,17,Ermedin Demirovic,player,https://scanini.app/teams/bosnia-and-herzegovina
BIH,18,Edin Dzeko,player,https://scanini.app/teams/bosnia-and-herzegovina
BIH,19,Samed Bazdar,player,https://scanini.app/teams/bosnia-and-herzegovina
BIH,20,Haris Tabakovic,player,https://scanini.app/teams/bosnia-and-herzegovina
BRA,1,Team Logo,team logo · foil,https://scanini.app/teams/brazil
BRA,2,Alisson,player,https://scanini.app/teams/brazil
BRA,3,Bento,player,https://scanini.app/teams/brazil
BRA,4,Marquinhos,player,https://scanini.app/teams/brazil
BRA,5,Éder Militão,player,https://scanini.app/teams/brazil
BRA,6,Gabriel Magalhães,player,https://scanini.app/teams/brazil
BRA,7,Danilo,player,https://scanini.app/teams/brazil
BRA,8,Wesley,player,https://scanini.app/teams/brazil
BRA,9,Lucas Paquetá,player,https://scanini.app/teams/brazil
BRA,10,Casemiro,player,https://scanini.app/teams/brazil
BRA,11,Bruno Guimarães,player,https://scanini.app/teams/brazil
BRA,12,Luiz Henrique,player,https://scanini.app/teams/brazil
BRA,13,Team Photo,team photo,https://scanini.app/teams/brazil
BRA,14,Vinicius Júnior,player,https://scanini.app/teams/brazil
BRA,15,Rodrygo,player,https://scanini.app/teams/brazil
BRA,16,João Pedro,player,https://scanini.app/teams/brazil
BRA,17,Matheus Cunha,player,https://scanini.app/teams/brazil
BRA,18,Gabriel Martinelli,player,https://scanini.app/teams/brazil
BRA,19,Raphinha,player,https://scanini.app/teams/brazil
BRA,20,Estévão,player,https://scanini.app/teams/brazil
CAN,1,Team Logo,team logo · foil,https://scanini.app/teams/canada
CAN,2,Dayne St.Clair,player,https://scanini.app/teams/canada
CAN,3,Alphonso Davies,player,https://scanini.app/teams/canada
CAN,4,Alistair Johnston,player,https://scanini.app/teams/canada
CAN,5,Samuel Adekugbe,player,https://scanini.app/teams/canada
CAN,6,Riche Larvea,player,https://scanini.app/teams/canada
CAN,7,Derek Cornelius,player,https://scanini.app/teams/canada
CAN,8,Moïse Bombito,player,https://scanini.app/teams/canada
CAN,9,Kamal Miller,player,https://scanini.app/teams/canada
CAN,10,Stephen Eustáquio,player,https://scanini.app/teams/canada
CAN,11,Ismaël Koné,player,https://scanini.app/teams/canada
CAN,12,Jonathan Osorio,player,https://scanini.app/teams/canada
CAN,13,Team Photo,team photo,https://scanini.app/teams/canada
CAN,14,Jacob Shaffelburg,player,https://scanini.app/teams/canada
CAN,15,Mathieu Choinière,player,https://scanini.app/teams/canada
CAN,16,Niko Sigur,player,https://scanini.app/teams/canada
CAN,17,Tajon Buchanan,player,https://scanini.app/teams/canada
CAN,18,Liam Millar,player,https://scanini.app/teams/canada
CAN,19,Cyle Larin,player,https://scanini.app/teams/canada
CAN,20,Jonathan David,player,https://scanini.app/teams/canada
CIV,1,Team Logo,team logo · foil,https://scanini.app/teams/cote-divoire
CIV,2,Yahia Fofana,player,https://scanini.app/teams/cote-divoire
CIV,3,Ghislain Konan,player,https://scanini.app/teams/cote-divoire
CIV,4,Wilfried Singo,player,https://scanini.app/teams/cote-divoire
CIV,5,Odilon Kossounou,player,https://scanini.app/teams/cote-divoire
CIV,6,Evan Ndicka,player,https://scanini.app/teams/cote-divoire
CIV,7,Willy Boly,player,https://scanini.app/teams/cote-divoire
CIV,8,Emmanuel Agbadou,player,https://scanini.app/teams/cote-divoire
CIV,9,Ousmane Diomande,player,https://scanini.app/teams/cote-divoire
CIV,10,Franck Kessie,player,https://scanini.app/teams/cote-divoire
CIV,11,Seko Fofana,player,https://scanini.app/teams/cote-divoire
CIV,12,Ibrahim Sangare,player,https://scanini.app/teams/cote-divoire
CIV,13,Team Photo,team photo,https://scanini.app/teams/cote-divoire
CIV,14,Jean-Philippe Gbamin,player,https://scanini.app/teams/cote-divoire
CIV,15,Amad Diallo,player,https://scanini.app/teams/cote-divoire
CIV,16,Sébastien Haller,player,https://scanini.app/teams/cote-divoire
CIV,17,Simon Adingra,player,https://scanini.app/teams/cote-divoire
CIV,18,Yan Diomande,player,https://scanini.app/teams/cote-divoire
CIV,19,Evann Guessand,player,https://scanini.app/teams/cote-divoire
CIV,20,Oumar Diakite,player,https://scanini.app/teams/cote-divoire
COD,1,Team Logo,team logo · foil,https://scanini.app/teams/dr-congo
COD,2,Lionel Mpasi,player,https://scanini.app/teams/dr-congo
COD,3,Aaron Wan-Bissaka,player,https://scanini.app/teams/dr-congo
COD,4,Axel Tuanzebe,player,https://scanini.app/teams/dr-congo
COD,5,Arthur Masuaku,player,https://scanini.app/teams/dr-congo
COD,6,Chancel Mbemba,player,https://scanini.app/teams/dr-congo
COD,7,Joris Kayembe,player,https://scanini.app/teams/dr-congo
COD,8,Charles Pickel,player,https://scanini.app/teams/dr-congo
COD,9,Ngal'ayel Mukau,player,https://scanini.app/teams/dr-congo
COD,10,Edo Kayembe,player,https://scanini.app/teams/dr-congo
COD,11,Samuel Moutoussamy,player,https://scanini.app/teams/dr-congo
COD,12,Noah Sadiki,player,https://scanini.app/teams/dr-congo
COD,13,Team Photo,team photo,https://scanini.app/teams/dr-congo
COD,14,Théo Bongonda,player,https://scanini.app/teams/dr-congo
COD,15,Meschak Elia,player,https://scanini.app/teams/dr-congo
COD,16,Yoane Wissa,player,https://scanini.app/teams/dr-congo
COD,17,Brian Cipenga,player,https://scanini.app/teams/dr-congo
COD,18,Fiston Mayele,player,https://scanini.app/teams/dr-congo
COD,19,Cédric Bakambu,player,https://scanini.app/teams/dr-congo
COD,20,Nathanaël Mbuku,player,https://scanini.app/teams/dr-congo
COL,1,Team Logo,team logo · foil,https://scanini.app/teams/colombia
COL,2,Camilo Vargas,player,https://scanini.app/teams/colombia
COL,3,David Ospina,player,https://scanini.app/teams/colombia
COL,4,Dávinson Sánchez,player,https://scanini.app/teams/colombia
COL,5,Yerry Mina,player,https://scanini.app/teams/colombia
COL,6,Daniel Munoz,player,https://scanini.app/teams/colombia
COL,7,Johan Mojica,player,https://scanini.app/teams/colombia
COL,8,Jhon Lucumí,player,https://scanini.app/teams/colombia
COL,9,Santiago Arias,player,https://scanini.app/teams/colombia
COL,10,Jefferson Lerma,player,https://scanini.app/teams/colombia
COL,11,Kevin Castaño,player,https://scanini.app/teams/colombia
COL,12,Richard Rios,player,https://scanini.app/teams/colombia
COL,13,Team Photo,team photo,https://scanini.app/teams/colombia
COL,14,James Rodriguez,player,https://scanini.app/teams/colombia
COL,15,Juan Fernando Quintero,player,https://scanini.app/teams/colombia
COL,16,Jorge Carrascal,player,https://scanini.app/teams/colombia
COL,17,Jon Arias,player,https://scanini.app/teams/colombia
COL,18,Jhon Cordova,player,https://scanini.app/teams/colombia
COL,19,Luis Suarez,player,https://scanini.app/teams/colombia
COL,20,Luis Diaz,player,https://scanini.app/teams/colombia
CPV,1,Team Logo,team logo · foil,https://scanini.app/teams/cape-verde
CPV,2,Vozinha,player,https://scanini.app/teams/cape-verde
CPV,3,Logan Costa,player,https://scanini.app/teams/cape-verde
CPV,4,Pico,player,https://scanini.app/teams/cape-verde
CPV,5,Diney,player,https://scanini.app/teams/cape-verde
CPV,6,Steven Moreira,player,https://scanini.app/teams/cape-verde
CPV,7,Wagner Pina,player,https://scanini.app/teams/cape-verde
CPV,8,Joao Paulo,player,https://scanini.app/teams/cape-verde
CPV,9,Yannick Semedo,player,https://scanini.app/teams/cape-verde
CPV,10,Kevin Pina,player,https://scanini.app/teams/cape-verde
CPV,11,Patrick Andrade,player,https://scanini.app/teams/cape-verde
CPV,12,Jamiro Monteiro,player,https://scanini.app/teams/cape-verde
CPV,13,Team Photo,team photo,https://scanini.app/teams/cape-verde
CPV,14,Deroy Duarte,player,https://scanini.app/teams/cape-verde
CPV,15,Garry Rodrigues,player,https://scanini.app/teams/cape-verde
CPV,16,Jovane Cabral,player,https://scanini.app/teams/cape-verde
CPV,17,Ryan Mendes,player,https://scanini.app/teams/cape-verde
CPV,18,Dailon Livramento,player,https://scanini.app/teams/cape-verde
CPV,19,Willy Semedo,player,https://scanini.app/teams/cape-verde
CPV,20,Bebe,player,https://scanini.app/teams/cape-verde
CRO,1,Team Logo,team logo · foil,https://scanini.app/teams/croatia
CRO,2,Dominik Livaković,player,https://scanini.app/teams/croatia
CRO,3,Duje Caleta-Car,player,https://scanini.app/teams/croatia
CRO,4,Josko Gvardiol,player,https://scanini.app/teams/croatia
CRO,5,Josip Stanišić,player,https://scanini.app/teams/croatia
CRO,6,Luka Vušković,player,https://scanini.app/teams/croatia
CRO,7,Josip Sutalo,player,https://scanini.app/teams/croatia
CRO,8,Kristijan Jakic,player,https://scanini.app/teams/croatia
CRO,9,Luka Modrić,player,https://scanini.app/teams/croatia
CRO,10,Mateo Kovacic,player,https://scanini.app/teams/croatia
CRO,11,Martin Baturina,player,https://scanini.app/teams/croatia
CRO,12,Lovro Majer,player,https://scanini.app/teams/croatia
CRO,13,Team Photo,team photo,https://scanini.app/teams/croatia
CRO,14,Mario Pasalic,player,https://scanini.app/teams/croatia
CRO,15,Petar Sucic,player,https://scanini.app/teams/croatia
CRO,16,Ivan Perišić,player,https://scanini.app/teams/croatia
CRO,17,Marco Pasalic,player,https://scanini.app/teams/croatia
CRO,18,Ante Budimir,player,https://scanini.app/teams/croatia
CRO,19,Andrej Kramarić,player,https://scanini.app/teams/croatia
CRO,20,Franjo Ivanovic,player,https://scanini.app/teams/croatia
CUW,1,Team Logo,team logo · foil,https://scanini.app/teams/curacao
CUW,2,Eloy Room,player,https://scanini.app/teams/curacao
CUW,3,Armando Obispo,player,https://scanini.app/teams/curacao
CUW,4,Sherel Floranus,player,https://scanini.app/teams/curacao
CUW,5,Jurien Gaari,player,https://scanini.app/teams/curacao
CUW,6,Joshua Brenet,player,https://scanini.app/teams/curacao
CUW,7,Roshon Van Eijma,player,https://scanini.app/teams/curacao
CUW,8,Shurandy Sambo,player,https://scanini.app/teams/curacao
CUW,9,Livano Comenencia,player,https://scanini.app/teams/curacao
CUW,10,Godfried Roemeratoe,player,https://scanini.app/teams/curacao
CUW,11,Juninho Bacuna,player,https://scanini.app/teams/curacao
CUW,12,Leandro Bacuna,player,https://scanini.app/teams/curacao
CUW,13,Team Photo,team photo,https://scanini.app/teams/curacao
CUW,14,Tahith Chong,player,https://scanini.app/teams/curacao
CUW,15,Kenji Gorre,player,https://scanini.app/teams/curacao
CUW,16,Jearl Margaritha,player,https://scanini.app/teams/curacao
CUW,17,Jurgen Locadia,player,https://scanini.app/teams/curacao
CUW,18,Jeremy Antonisse,player,https://scanini.app/teams/curacao
CUW,19,Gervane Kastaneer,player,https://scanini.app/teams/curacao
CUW,20,Sontje Hansen,player,https://scanini.app/teams/curacao
CZE,1,Team Logo,team logo · foil,https://scanini.app/teams/czechia
CZE,2,Matej Kovar,player,https://scanini.app/teams/czechia
CZE,3,Jindrich Stanek,player,https://scanini.app/teams/czechia
CZE,4,Ladislav Krejci,player,https://scanini.app/teams/czechia
CZE,5,Vladimir Coufal,player,https://scanini.app/teams/czechia
CZE,6,Jaroslav Zeleny,player,https://scanini.app/teams/czechia
CZE,7,Tomas Holes,player,https://scanini.app/teams/czechia
CZE,8,David Zima,player,https://scanini.app/teams/czechia
CZE,9,Michal Sadilek,player,https://scanini.app/teams/czechia
CZE,10,Lukas Provod,player,https://scanini.app/teams/czechia
CZE,11,Lukas Cerv,player,https://scanini.app/teams/czechia
CZE,12,Tomas Soucek,player,https://scanini.app/teams/czechia
CZE,13,Team Photo,team photo,https://scanini.app/teams/czechia
CZE,14,Pavel Sulc,player,https://scanini.app/teams/czechia
CZE,15,Matej Vydra,player,https://scanini.app/teams/czechia
CZE,16,Vasil Kusej,player,https://scanini.app/teams/czechia
CZE,17,Tomas Chory,player,https://scanini.app/teams/czechia
CZE,18,Vaclav Cerny,player,https://scanini.app/teams/czechia
CZE,19,Adam Hlozek,player,https://scanini.app/teams/czechia
CZE,20,Patrik Schick,player,https://scanini.app/teams/czechia
ECU,1,Team Logo,team logo · foil,https://scanini.app/teams/ecuador
ECU,2,Hernán Galíndez,player,https://scanini.app/teams/ecuador
ECU,3,Gonzalo Valle,player,https://scanini.app/teams/ecuador
ECU,4,Piero Hincapié,player,https://scanini.app/teams/ecuador
ECU,5,Pervis Estupiñán,player,https://scanini.app/teams/ecuador
ECU,6,Willian Pacho,player,https://scanini.app/teams/ecuador
ECU,7,Ángelo Preciado,player,https://scanini.app/teams/ecuador
ECU,8,Joel Ordóñez,player,https://scanini.app/teams/ecuador
ECU,9,Moises Caicedo,player,https://scanini.app/teams/ecuador
ECU,10,Alan Franco,player,https://scanini.app/teams/ecuador
ECU,11,Kendry Paez,player,https://scanini.app/teams/ecuador
ECU,12,Pedro Vite,player,https://scanini.app/teams/ecuador
ECU,13,Team Photo,team photo,https://scanini.app/teams/ecuador
ECU,14,John Veboah,player,https://scanini.app/teams/ecuador
ECU,15,Leonardo Campana,player,https://scanini.app/teams/ecuador
ECU,16,Gonzalo Plata,player,https://scanini.app/teams/ecuador
ECU,17,Nilson Angulo,player,https://scanini.app/teams/ecuador
ECU,18,Alan Minda,player,https://scanini.app/teams/ecuador
ECU,19,Kevin Rodriguez,player,https://scanini.app/teams/ecuador
ECU,20,Enner Valencia,player,https://scanini.app/teams/ecuador
EGY,1,Team Logo,team logo · foil,https://scanini.app/teams/egypt
EGY,2,Mohamed El Shenawy,player,https://scanini.app/teams/egypt
EGY,3,Mohamed Hany,player,https://scanini.app/teams/egypt
EGY,4,Mohamed Hamdy,player,https://scanini.app/teams/egypt
EGY,5,Yasser Ibrahim,player,https://scanini.app/teams/egypt
EGY,6,Khaled Sobhi,player,https://scanini.app/teams/egypt
EGY,7,Ramy Rabia,player,https://scanini.app/teams/egypt
EGY,8,Hossam Abdelmaguid,player,https://scanini.app/teams/egypt
EGY,9,Ahmed Fatouh,player,https://scanini.app/teams/egypt
EGY,10,Marwan Attia,player,https://scanini.app/teams/egypt
EGY,11,Zizo,player,https://scanini.app/teams/egypt
EGY,12,Hamdy Fathy,player,https://scanini.app/teams/egypt
EGY,13,Team Photo,team photo,https://scanini.app/teams/egypt
EGY,14,Mohamed Lasheen,player,https://scanini.app/teams/egypt
EGY,15,Emam Ashour,player,https://scanini.app/teams/egypt
EGY,16,Osama Faisal,player,https://scanini.app/teams/egypt
EGY,17,Mohamed Salah,player,https://scanini.app/teams/egypt
EGY,18,Mostafa Mohamed,player,https://scanini.app/teams/egypt
EGY,19,Trezeguet,player,https://scanini.app/teams/egypt
EGY,20,Omar Marmoush,player,https://scanini.app/teams/egypt
ENG,1,Team Logo,team logo · foil,https://scanini.app/teams/england
ENG,2,Jordan Pickford,player,https://scanini.app/teams/england
ENG,3,John Stones,player,https://scanini.app/teams/england
ENG,4,Marc Guéhi,player,https://scanini.app/teams/england
ENG,5,Ezri Konsa,player,https://scanini.app/teams/england
ENG,6,Trent Alexander-Arnold,player,https://scanini.app/teams/england
ENG,7,Reece James,player,https://scanini.app/teams/england
ENG,8,Dan Burn,player,https://scanini.app/teams/england
ENG,9,Jordan Henderson,player,https://scanini.app/teams/england
ENG,10,Declan Rice,player,https://scanini.app/teams/england
ENG,11,Jude Bellingham,player,https://scanini.app/teams/england
ENG,12,Cole Palmer,player,https://scanini.app/teams/england
ENG,13,Team Photo,team photo,https://scanini.app/teams/england
ENG,14,Morgan Rogers,player,https://scanini.app/teams/england
ENG,15,Anthony Gordon,player,https://scanini.app/teams/england
ENG,16,Phil Foden,player,https://scanini.app/teams/england
ENG,17,Bukayo Saka,player,https://scanini.app/teams/england
ENG,18,Harry Kane,player,https://scanini.app/teams/england
ENG,19,Marcus Rashford,player,https://scanini.app/teams/england
ENG,20,Ollie Watkins,player,https://scanini.app/teams/england
ESP,1,Team Logo,team logo · foil,https://scanini.app/teams/spain
ESP,2,Unai Simon,player,https://scanini.app/teams/spain
ESP,3,Robin Le Normand,player,https://scanini.app/teams/spain
ESP,4,Aymeric Laporte,player,https://scanini.app/teams/spain
ESP,5,Dean Huijsen,player,https://scanini.app/teams/spain
ESP,6,Pedro Porro,player,https://scanini.app/teams/spain
ESP,7,Dani Carvajal,player,https://scanini.app/teams/spain
ESP,8,Marc Cucurella,player,https://scanini.app/teams/spain
ESP,9,Martín Zubimendi,player,https://scanini.app/teams/spain
ESP,10,Rodri,player,https://scanini.app/teams/spain
ESP,11,Pedri,player,https://scanini.app/teams/spain
ESP,12,Fabian Ruiz,player,https://scanini.app/teams/spain
ESP,13,Team Photo,team photo,https://scanini.app/teams/spain
ESP,14,Mikel Merino,player,https://scanini.app/teams/spain
ESP,15,Lamine Yamal,player,https://scanini.app/teams/spain
ESP,16,Dani Olmo,player,https://scanini.app/teams/spain
ESP,17,Nico Williams,player,https://scanini.app/teams/spain
ESP,18,Ferran Torres,player,https://scanini.app/teams/spain
ESP,19,Álvaro Morata,player,https://scanini.app/teams/spain
ESP,20,Mikel Oyarzabal,player,https://scanini.app/teams/spain
FRA,1,Team Logo,team logo · foil,https://scanini.app/teams/france
FRA,2,Mike Maignan,player,https://scanini.app/teams/france
FRA,3,Theo Hernandez,player,https://scanini.app/teams/france
FRA,4,William Saliba,player,https://scanini.app/teams/france
FRA,5,Jules Kounde,player,https://scanini.app/teams/france
FRA,6,Ibrahima Konate,player,https://scanini.app/teams/france
FRA,7,Dayot Upamecano,player,https://scanini.app/teams/france
FRA,8,Lucas Digne,player,https://scanini.app/teams/france
FRA,9,Aurélien Tchouaméni,player,https://scanini.app/teams/france
FRA,10,Eduardo Camavinga,player,https://scanini.app/teams/france
FRA,11,Manu Kone,player,https://scanini.app/teams/france
FRA,12,Adrien Rabiot,player,https://scanini.app/teams/france
FRA,13,Team Photo,team photo,https://scanini.app/teams/france
FRA,14,Michael Olise,player,https://scanini.app/teams/france
FRA,15,Ousmane Dembele,player,https://scanini.app/teams/france
FRA,16,Bradley Barcola,player,https://scanini.app/teams/france
FRA,17,Désiré Doué,player,https://scanini.app/teams/france
FRA,18,Kingsley Coman,player,https://scanini.app/teams/france
FRA,19,Hugo Ekitike,player,https://scanini.app/teams/france
FRA,20,Kylian Mbappe,player,https://scanini.app/teams/france
GER,1,Team Logo,team logo · foil,https://scanini.app/teams/germany
GER,2,Marc-André ter Stegen,player,https://scanini.app/teams/germany
GER,3,Jonathan Tah,player,https://scanini.app/teams/germany
GER,4,David Raum,player,https://scanini.app/teams/germany
GER,5,Nico Schlotterbeck,player,https://scanini.app/teams/germany
GER,6,Antonio Rüdiger,player,https://scanini.app/teams/germany
GER,7,Waldemar Anton,player,https://scanini.app/teams/germany
GER,8,Ridle Baku,player,https://scanini.app/teams/germany
GER,9,Maximilian Mittelstadt,player,https://scanini.app/teams/germany
GER,10,Joshua Kimmich,player,https://scanini.app/teams/germany
GER,11,Florian Wirtz,player,https://scanini.app/teams/germany
GER,12,Felix Nmecha,player,https://scanini.app/teams/germany
GER,13,Team Photo,team photo,https://scanini.app/teams/germany
GER,14,Leon Goretzka,player,https://scanini.app/teams/germany
GER,15,Jamal Musiala,player,https://scanini.app/teams/germany
GER,16,Serge Gnabry,player,https://scanini.app/teams/germany
GER,17,Kai Havertz,player,https://scanini.app/teams/germany
GER,18,Leroy Sane,player,https://scanini.app/teams/germany
GER,19,Karim Adeyemi,player,https://scanini.app/teams/germany
GER,20,Nick Woltemade,player,https://scanini.app/teams/germany
GHA,1,Team Logo,team logo · foil,https://scanini.app/teams/ghana
GHA,2,Lawrence Ati Zigi,player,https://scanini.app/teams/ghana
GHA,3,Tariq Lamptey,player,https://scanini.app/teams/ghana
GHA,4,Mohammed Salisu,player,https://scanini.app/teams/ghana
GHA,5,Alidu Seidu,player,https://scanini.app/teams/ghana
GHA,6,Alexander Djiku,player,https://scanini.app/teams/ghana
GHA,7,Gideon Mensah,player,https://scanini.app/teams/ghana
GHA,8,Caleb Yirenkyi,player,https://scanini.app/teams/ghana
GHA,9,Abdul Issahaku Fatawu,player,https://scanini.app/teams/ghana
GHA,10,Thomas Partey,player,https://scanini.app/teams/ghana
GHA,11,Salis Abdul Samed,player,https://scanini.app/teams/ghana
GHA,12,Kamaldeen Sulemana,player,https://scanini.app/teams/ghana
GHA,13,Team Photo,team photo,https://scanini.app/teams/ghana
GHA,14,Mohammed Kudus,player,https://scanini.app/teams/ghana
GHA,15,Inaki Williams,player,https://scanini.app/teams/ghana
GHA,16,Jordan Ayew,player,https://scanini.app/teams/ghana
GHA,17,Andrew Ayew,player,https://scanini.app/teams/ghana
GHA,18,Joseph Paintsil,player,https://scanini.app/teams/ghana
GHA,19,Osman Bukari,player,https://scanini.app/teams/ghana
GHA,20,Antoine Semenyo,player,https://scanini.app/teams/ghana
HAI,1,Team Logo,team logo · foil,https://scanini.app/teams/haiti
HAI,2,Johny Placide,player,https://scanini.app/teams/haiti
HAI,3,Carlens Arcus,player,https://scanini.app/teams/haiti
HAI,4,Martin Expérience,player,https://scanini.app/teams/haiti
HAI,5,Jean-Kevin Duverne,player,https://scanini.app/teams/haiti
HAI,6,Ricardo Adé,player,https://scanini.app/teams/haiti
HAI,7,Duke Lacroix,player,https://scanini.app/teams/haiti
HAI,8,Garven Metusala,player,https://scanini.app/teams/haiti
HAI,9,Hannes Delcroix,player,https://scanini.app/teams/haiti
HAI,10,Leverton Pierre,player,https://scanini.app/teams/haiti
HAI,11,Danley Jean Jacques,player,https://scanini.app/teams/haiti
HAI,12,Jean-Ricner Bellegarde,player,https://scanini.app/teams/haiti
HAI,13,Team Photo,team photo,https://scanini.app/teams/haiti
HAI,14,Christopher Attys,player,https://scanini.app/teams/haiti
HAI,15,Derrick Etienne Jr,player,https://scanini.app/teams/haiti
HAI,16,Josue Casimir,player,https://scanini.app/teams/haiti
HAI,17,Ruben Providence,player,https://scanini.app/teams/haiti
HAI,18,Duckens Nazon,player,https://scanini.app/teams/haiti
HAI,19,Louicius Deedson,player,https://scanini.app/teams/haiti
HAI,20,Frantzdy Pierrot,player,https://scanini.app/teams/haiti
IRN,1,Team Logo,team logo · foil,https://scanini.app/teams/iran
IRN,2,Alireza Beiranvand,player,https://scanini.app/teams/iran
IRN,3,Morteza Pouraliganji,player,https://scanini.app/teams/iran
IRN,4,Ehsan Hajsafi,player,https://scanini.app/teams/iran
IRN,5,Milad Mohammadi,player,https://scanini.app/teams/iran
IRN,6,Shojae Khalilzadeh,player,https://scanini.app/teams/iran
IRN,7,Ramin Rezaeian,player,https://scanini.app/teams/iran
IRN,8,Hossein Kanaani,player,https://scanini.app/teams/iran
IRN,9,Sadegh Moharrami,player,https://scanini.app/teams/iran
IRN,10,Saleh Hardani,player,https://scanini.app/teams/iran
IRN,11,Saeed Ezatolahi,player,https://scanini.app/teams/iran
IRN,12,Saman Ghoddos,player,https://scanini.app/teams/iran
IRN,13,Team Photo,team photo,https://scanini.app/teams/iran
IRN,14,Omid Noorafkan,player,https://scanini.app/teams/iran
IRN,15,Roozbeh Cheshmi,player,https://scanini.app/teams/iran
IRN,16,Mohammad Mohebi,player,https://scanini.app/teams/iran
IRN,17,Sardar Azmoun,player,https://scanini.app/teams/iran
IRN,18,Mehdi Taremi,player,https://scanini.app/teams/iran
IRN,19,Alireza Jahanbakhsh,player,https://scanini.app/teams/iran
IRN,20,Ali Gholizadeh,player,https://scanini.app/teams/iran
IRQ,1,Team Logo,team logo · foil,https://scanini.app/teams/iraq
IRQ,2,Jalal Hassan,player,https://scanini.app/teams/iraq
IRQ,3,Rebin Sulaka,player,https://scanini.app/teams/iraq
IRQ,4,Hussein Ali,player,https://scanini.app/teams/iraq
IRQ,5,Akam Hashem,player,https://scanini.app/teams/iraq
IRQ,6,Merchas Doski,player,https://scanini.app/teams/iraq
IRQ,7,Zaid Tahseen,player,https://scanini.app/teams/iraq
IRQ,8,Manaf Younis,player,https://scanini.app/teams/iraq
IRQ,9,Zidane Iqbal,player,https://scanini.app/teams/iraq
IRQ,10,Amir Al-Ammari,player,https://scanini.app/teams/iraq
IRQ,11,Ibrahim Bavesh,player,https://scanini.app/teams/iraq
IRQ,12,Ali Jasim,player,https://scanini.app/teams/iraq
IRQ,13,Team Photo,team photo,https://scanini.app/teams/iraq
IRQ,14,Youssef Amyn,player,https://scanini.app/teams/iraq
IRQ,15,Aimar Sher,player,https://scanini.app/teams/iraq
IRQ,16,Marko Farji,player,https://scanini.app/teams/iraq
IRQ,17,Osama Rashid,player,https://scanini.app/teams/iraq
IRQ,18,Ali Al-Hamadi,player,https://scanini.app/teams/iraq
IRQ,19,Aymen Hussein,player,https://scanini.app/teams/iraq
IRQ,20,Mohanad Ali,player,https://scanini.app/teams/iraq
JOR,1,Team Logo,team logo · foil,https://scanini.app/teams/jordan
JOR,2,Yazeed Abulaila,player,https://scanini.app/teams/jordan
JOR,3,Ihsan Haddad,player,https://scanini.app/teams/jordan
JOR,4,Mohammad Abu Hashish,player,https://scanini.app/teams/jordan
JOR,5,Yazan Al-Arab,player,https://scanini.app/teams/jordan
JOR,6,Abdallah Nasib,player,https://scanini.app/teams/jordan
JOR,7,Saleem Obaid,player,https://scanini.app/teams/jordan
JOR,8,Mohammad Abualnadi,player,https://scanini.app/teams/jordan
JOR,9,Ibrahim Saadeh,player,https://scanini.app/teams/jordan
JOR,10,Nizar Al-Rashdan,player,https://scanini.app/teams/jordan
JOR,11,Noor Al-Rawabdeh,player,https://scanini.app/teams/jordan
JOR,12,Mohannad Abu Taha,player,https://scanini.app/teams/jordan
JOR,13,Team Photo,team photo,https://scanini.app/teams/jordan
JOR,14,Amer Jamous,player,https://scanini.app/teams/jordan
JOR,15,Musa Al-Taamari,player,https://scanini.app/teams/jordan
JOR,16,Yazan Al-Naimat,player,https://scanini.app/teams/jordan
JOR,17,Mahmoud Al-Mardi,player,https://scanini.app/teams/jordan
JOR,18,Ali Olwan,player,https://scanini.app/teams/jordan
JOR,19,Mohammad Abu Zrayq,player,https://scanini.app/teams/jordan
JOR,20,Ibrahim Sabra,player,https://scanini.app/teams/jordan
JPN,1,Team Logo,team logo · foil,https://scanini.app/teams/japan
JPN,2,Zion Suzuki,player,https://scanini.app/teams/japan
JPN,3,Henry Heroki Mochizuki,player,https://scanini.app/teams/japan
JPN,4,Ayumu Seko,player,https://scanini.app/teams/japan
JPN,5,Junnosuke Suzuki,player,https://scanini.app/teams/japan
JPN,6,Shogo Taniguchi,player,https://scanini.app/teams/japan
JPN,7,Tsuyoshi Watanabe,player,https://scanini.app/teams/japan
JPN,8,Kaishu Sano,player,https://scanini.app/teams/japan
JPN,9,Yuki Soma,player,https://scanini.app/teams/japan
JPN,10,Ao Tanaka,player,https://scanini.app/teams/japan
JPN,11,Daichi Kamada,player,https://scanini.app/teams/japan
JPN,12,Takefusa Kubo,player,https://scanini.app/teams/japan
JPN,13,Team Photo,team photo,https://scanini.app/teams/japan
JPN,14,Ritsu Doan,player,https://scanini.app/teams/japan
JPN,15,Keito Nakamura,player,https://scanini.app/teams/japan
JPN,16,Takumi Minamino,player,https://scanini.app/teams/japan
JPN,17,Shuto Machino,player,https://scanini.app/teams/japan
JPN,18,Junya Ito,player,https://scanini.app/teams/japan
JPN,19,Koki Ogawa,player,https://scanini.app/teams/japan
JPN,20,Ayase Ueda,player,https://scanini.app/teams/japan
KOR,1,Team Logo,team logo · foil,https://scanini.app/teams/south-korea
KOR,2,Hyeon-woo Jo,player,https://scanini.app/teams/south-korea
KOR,3,Seung-Gyu Kim,player,https://scanini.app/teams/south-korea
KOR,4,Min-jae Kim,player,https://scanini.app/teams/south-korea
KOR,5,Yu-min Cho,player,https://scanini.app/teams/south-korea
KOR,6,Young-woo Seol,player,https://scanini.app/teams/south-korea
KOR,7,Han-beom Lee,player,https://scanini.app/teams/south-korea
KOR,8,Tae-seok Lee,player,https://scanini.app/teams/south-korea
KOR,9,Myung-jae Lee,player,https://scanini.app/teams/south-korea
KOR,10,Jae-sung Lee,player,https://scanini.app/teams/south-korea
KOR,11,In-beom Hwang,player,https://scanini.app/teams/south-korea
KOR,12,Kang-in Lee,player,https://scanini.app/teams/south-korea
KOR,13,Team Photo,team photo,https://scanini.app/teams/south-korea
KOR,14,Seung-ho Paik,player,https://scanini.app/teams/south-korea
KOR,15,Jens Castrop,player,https://scanini.app/teams/south-korea
KOR,16,Dongg-yeong Lee,player,https://scanini.app/teams/south-korea
KOR,17,Gue-sung Cho,player,https://scanini.app/teams/south-korea
KOR,18,Heung-min Son,player,https://scanini.app/teams/south-korea
KOR,19,Hee-chan Hwang,player,https://scanini.app/teams/south-korea
KOR,20,Hyeon-Gyu Oh,player,https://scanini.app/teams/south-korea
KSA,1,Team Logo,team logo · foil,https://scanini.app/teams/saudi-arabia
KSA,2,Nawaf Alaqidi,player,https://scanini.app/teams/saudi-arabia
KSA,3,Abdulrahman Al-Sanbi,player,https://scanini.app/teams/saudi-arabia
KSA,4,Saud Abdulhamid,player,https://scanini.app/teams/saudi-arabia
KSA,5,Nawaf Bouwashl,player,https://scanini.app/teams/saudi-arabia
KSA,6,Jihad Thakri,player,https://scanini.app/teams/saudi-arabia
KSA,7,Moteb Al-Harbi,player,https://scanini.app/teams/saudi-arabia
KSA,8,Hassan Altambakti,player,https://scanini.app/teams/saudi-arabia
KSA,9,Musab Aljuwayr,player,https://scanini.app/teams/saudi-arabia
KSA,10,Ziyad Aljohani,player,https://scanini.app/teams/saudi-arabia
KSA,11,Abdullah Alkhaibari,player,https://scanini.app/teams/saudi-arabia
KSA,12,Nasser Aldawsari,player,https://scanini.app/teams/saudi-arabia
KSA,13,Team Photo,team photo,https://scanini.app/teams/saudi-arabia
KSA,14,Saleh Abu Alshamat,player,https://scanini.app/teams/saudi-arabia
KSA,15,Marwan Alsahafi,player,https://scanini.app/teams/saudi-arabia
KSA,16,Salem Aldawsari,player,https://scanini.app/teams/saudi-arabia
KSA,17,Abdulrahman Al-Aboud,player,https://scanini.app/teams/saudi-arabia
KSA,18,Feras Akbrikan,player,https://scanini.app/teams/saudi-arabia
KSA,19,Saleh Alshehri,player,https://scanini.app/teams/saudi-arabia
KSA,20,Abdullah Al-Hamdan,player,https://scanini.app/teams/saudi-arabia
MAR,1,Team Logo,team logo · foil,https://scanini.app/teams/morocco
MAR,2,Yassine Bounou,player,https://scanini.app/teams/morocco
MAR,3,Munir El Kajoui,player,https://scanini.app/teams/morocco
MAR,4,Achraf Hakimi,player,https://scanini.app/teams/morocco
MAR,5,Noussair Mazraoui,player,https://scanini.app/teams/morocco
MAR,6,Nayef Aguerd,player,https://scanini.app/teams/morocco
MAR,7,Roman Saiss,player,https://scanini.app/teams/morocco
MAR,8,Jawad El Yamio,player,https://scanini.app/teams/morocco
MAR,9,Adam Masina,player,https://scanini.app/teams/morocco
MAR,10,Sofyan Amrabat,player,https://scanini.app/teams/morocco
MAR,11,Azzedine Ounahi,player,https://scanini.app/teams/morocco
MAR,12,Eliesse Ben Seghir,player,https://scanini.app/teams/morocco
MAR,13,Team Photo,team photo,https://scanini.app/teams/morocco
MAR,14,Bilal El Khannouss,player,https://scanini.app/teams/morocco
MAR,15,Ismael Saibari,player,https://scanini.app/teams/morocco
MAR,16,Youssef En-Nesyri,player,https://scanini.app/teams/morocco
MAR,17,Abde Ezzalzouli,player,https://scanini.app/teams/morocco
MAR,18,Soufiane Rahimi,player,https://scanini.app/teams/morocco
MAR,19,Brahim Diaz,player,https://scanini.app/teams/morocco
MAR,20,Ayoub El Kaabi,player,https://scanini.app/teams/morocco
MEX,1,Team Logo,team logo · foil,https://scanini.app/teams/mexico
MEX,2,Luis Malagón,player,https://scanini.app/teams/mexico
MEX,3,Johan Vasquez,player,https://scanini.app/teams/mexico
MEX,4,Jorge Sánchez,player,https://scanini.app/teams/mexico
MEX,5,Cesar Montes,player,https://scanini.app/teams/mexico
MEX,6,Jesus Gallardo,player,https://scanini.app/teams/mexico
MEX,7,Israel Reyes,player,https://scanini.app/teams/mexico
MEX,8,Diego Lainez,player,https://scanini.app/teams/mexico
MEX,9,Carlos Rodriguez,player,https://scanini.app/teams/mexico
MEX,10,Edson Alvarez,player,https://scanini.app/teams/mexico
MEX,11,Orbelin Pineda,player,https://scanini.app/teams/mexico
MEX,12,Marcel Ruiz,player,https://scanini.app/teams/mexico
MEX,13,Team Photo,team photo,https://scanini.app/teams/mexico
MEX,14,Érick Sánchez,player,https://scanini.app/teams/mexico
MEX,15,Hirving Lozano,player,https://scanini.app/teams/mexico
MEX,16,Santiago Giménez,player,https://scanini.app/teams/mexico
MEX,17,Raúl Jiménez,player,https://scanini.app/teams/mexico
MEX,18,Alexis Vega,player,https://scanini.app/teams/mexico
MEX,19,Roberto Alvarado,player,https://scanini.app/teams/mexico
MEX,20,Cesar Huerta,player,https://scanini.app/teams/mexico
NED,1,Team Logo,team logo · foil,https://scanini.app/teams/netherlands
NED,2,Bart Verbruggen,player,https://scanini.app/teams/netherlands
NED,3,Virgil van Dijk,player,https://scanini.app/teams/netherlands
NED,4,Micky van de Ven,player,https://scanini.app/teams/netherlands
NED,5,Jurrien Timber,player,https://scanini.app/teams/netherlands
NED,6,Denzel Dumfries,player,https://scanini.app/teams/netherlands
NED,7,Nathan Aké,player,https://scanini.app/teams/netherlands
NED,8,Jeremie Frimpong,player,https://scanini.app/teams/netherlands
NED,9,Jan Paul van Hecke,player,https://scanini.app/teams/netherlands
NED,10,Tijjani Reijnders,player,https://scanini.app/teams/netherlands
NED,11,Ryan Gravenberch,player,https://scanini.app/teams/netherlands
NED,12,Teun Koopmeiners,player,https://scanini.app/teams/netherlands
NED,13,Team Photo,team photo,https://scanini.app/teams/netherlands
NED,14,Frenkie de Jong,player,https://scanini.app/teams/netherlands
NED,15,Xavi Simons,player,https://scanini.app/teams/netherlands
NED,16,Justin Kluivert,player,https://scanini.app/teams/netherlands
NED,17,Memphis Depay,player,https://scanini.app/teams/netherlands
NED,18,Donyell Malen,player,https://scanini.app/teams/netherlands
NED,19,Wout Weghorst,player,https://scanini.app/teams/netherlands
NED,20,Cody Gakpo,player,https://scanini.app/teams/netherlands
NOR,1,Team Logo,team logo · foil,https://scanini.app/teams/norway
NOR,2,Orjan Nyland,player,https://scanini.app/teams/norway
NOR,3,Julian Ryerson,player,https://scanini.app/teams/norway
NOR,4,Leo Ostigård,player,https://scanini.app/teams/norway
NOR,5,Kristoffer Vassbakk Ajer,player,https://scanini.app/teams/norway
NOR,6,Marcus Holmgren Pedersen,player,https://scanini.app/teams/norway
NOR,7,David Møller Wolfe,player,https://scanini.app/teams/norway
NOR,8,Torbjørn Heggem,player,https://scanini.app/teams/norway
NOR,9,Morten Thorsby,player,https://scanini.app/teams/norway
NOR,10,Martin Ødegaard,player,https://scanini.app/teams/norway
NOR,11,Sander Berge,player,https://scanini.app/teams/norway
NOR,12,Andreas Schjelderup,player,https://scanini.app/teams/norway
NOR,13,Team Photo,team photo,https://scanini.app/teams/norway
NOR,14,Patrick Berg,player,https://scanini.app/teams/norway
NOR,15,Erling Haaland,player,https://scanini.app/teams/norway
NOR,16,Alexander Sørloth,player,https://scanini.app/teams/norway
NOR,17,Aron Dønnum,player,https://scanini.app/teams/norway
NOR,18,Jorgen Strand Larsen,player,https://scanini.app/teams/norway
NOR,19,Antonio Nusa,player,https://scanini.app/teams/norway
NOR,20,Oscar Bobb,player,https://scanini.app/teams/norway
NZL,1,Team Logo,team logo · foil,https://scanini.app/teams/new-zealand
NZL,2,Max Crocombe Payne,player,https://scanini.app/teams/new-zealand
NZL,3,Alex Paulsen,player,https://scanini.app/teams/new-zealand
NZL,4,Michael Boxall,player,https://scanini.app/teams/new-zealand
NZL,5,Liberato Cacace,player,https://scanini.app/teams/new-zealand
NZL,6,Tim Payne,player,https://scanini.app/teams/new-zealand
NZL,7,Tyler Bindon,player,https://scanini.app/teams/new-zealand
NZL,8,Francis de Vries,player,https://scanini.app/teams/new-zealand
NZL,9,Finn Surman,player,https://scanini.app/teams/new-zealand
NZL,10,Joe Bell,player,https://scanini.app/teams/new-zealand
NZL,11,Sarpreet Singh,player,https://scanini.app/teams/new-zealand
NZL,12,Ryan Thomas,player,https://scanini.app/teams/new-zealand
NZL,13,Team Photo,team photo,https://scanini.app/teams/new-zealand
NZL,14,Matthew Garbett,player,https://scanini.app/teams/new-zealand
NZL,15,Marko Stamenić,player,https://scanini.app/teams/new-zealand
NZL,16,Ben Old,player,https://scanini.app/teams/new-zealand
NZL,17,Chris Wood,player,https://scanini.app/teams/new-zealand
NZL,18,Elijah Just,player,https://scanini.app/teams/new-zealand
NZL,19,Callum McCowatt,player,https://scanini.app/teams/new-zealand
NZL,20,Kosta Barbarouses,player,https://scanini.app/teams/new-zealand
PAN,1,Team Logo,team logo · foil,https://scanini.app/teams/panama
PAN,2,Orlando Mosquera,player,https://scanini.app/teams/panama
PAN,3,Luis Mejia,player,https://scanini.app/teams/panama
PAN,4,Fidel Escobar,player,https://scanini.app/teams/panama
PAN,5,Andres Andrade,player,https://scanini.app/teams/panama
PAN,6,Michael Amir Murillo,player,https://scanini.app/teams/panama
PAN,7,Eric Davis,player,https://scanini.app/teams/panama
PAN,8,Jose Cordoba,player,https://scanini.app/teams/panama
PAN,9,Cesar Blackman,player,https://scanini.app/teams/panama
PAN,10,Cristian Martinez,player,https://scanini.app/teams/panama
PAN,11,Aníbal Godoy,player,https://scanini.app/teams/panama
PAN,12,Adalberto Carrasquilla,player,https://scanini.app/teams/panama
PAN,13,Team Photo,team photo,https://scanini.app/teams/panama
PAN,14,Édgar Bárcenas,player,https://scanini.app/teams/panama
PAN,15,Carlos Harvey,player,https://scanini.app/teams/panama
PAN,16,Ismael Díaz,player,https://scanini.app/teams/panama
PAN,17,Jose Fajardo,player,https://scanini.app/teams/panama
PAN,18,Cecilio Waterman,player,https://scanini.app/teams/panama
PAN,19,Jose Luiz Rodriguez,player,https://scanini.app/teams/panama
PAN,20,Alberto Quintero,player,https://scanini.app/teams/panama
PAR,1,Team Logo,team logo · foil,https://scanini.app/teams/paraguay
PAR,2,Roberto Fernandez,player,https://scanini.app/teams/paraguay
PAR,3,Orlando Gill,player,https://scanini.app/teams/paraguay
PAR,4,Gustavo Gomez,player,https://scanini.app/teams/paraguay
PAR,5,Fabián Balbuena,player,https://scanini.app/teams/paraguay
PAR,6,Juan José Cáceres,player,https://scanini.app/teams/paraguay
PAR,7,Omar Alderete,player,https://scanini.app/teams/paraguay
PAR,8,Junior Alonso,player,https://scanini.app/teams/paraguay
PAR,9,Mathías Villasanti,player,https://scanini.app/teams/paraguay
PAR,10,Diego Gomez,player,https://scanini.app/teams/paraguay
PAR,11,Damián Bobadilla,player,https://scanini.app/teams/paraguay
PAR,12,Andres Cubas,player,https://scanini.app/teams/paraguay
PAR,13,Team Photo,team photo,https://scanini.app/teams/paraguay
PAR,14,Matias Galarza Fonda,player,https://scanini.app/teams/paraguay
PAR,15,Julio Enciso,player,https://scanini.app/teams/paraguay
PAR,16,Alejandro Romero Gamarra,player,https://scanini.app/teams/paraguay
PAR,17,Miguel Almirón,player,https://scanini.app/teams/paraguay
PAR,18,Ramon Sosa,player,https://scanini.app/teams/paraguay
PAR,19,Angel Romero,player,https://scanini.app/teams/paraguay
PAR,20,Antonio Sanabria,player,https://scanini.app/teams/paraguay
POR,1,Team Logo,team logo · foil,https://scanini.app/teams/portugal
POR,2,Diogo Costa,player,https://scanini.app/teams/portugal
POR,3,Jose Sa,player,https://scanini.app/teams/portugal
POR,4,Ruben Dias,player,https://scanini.app/teams/portugal
POR,5,João Cancelo,player,https://scanini.app/teams/portugal
POR,6,Diogo Dalot,player,https://scanini.app/teams/portugal
POR,7,Nuno Mendes,player,https://scanini.app/teams/portugal
POR,8,Gonçalo Inácio,player,https://scanini.app/teams/portugal
POR,9,Bernardo Silva,player,https://scanini.app/teams/portugal
POR,10,Bruno Fernandes,player,https://scanini.app/teams/portugal
POR,11,Ruben Neves,player,https://scanini.app/teams/portugal
POR,12,Vitinha,player,https://scanini.app/teams/portugal
POR,13,Team Photo,team photo,https://scanini.app/teams/portugal
POR,14,João Neves,player,https://scanini.app/teams/portugal
POR,15,Cristiano Ronaldo,player,https://scanini.app/teams/portugal
POR,16,Francisco Trincao,player,https://scanini.app/teams/portugal
POR,17,João Felix,player,https://scanini.app/teams/portugal
POR,18,Gonçalo Ramos,player,https://scanini.app/teams/portugal
POR,19,Pedro Neto,player,https://scanini.app/teams/portugal
POR,20,Rafael Leão,player,https://scanini.app/teams/portugal
QAT,1,Team Logo,team logo · foil,https://scanini.app/teams/qatar
QAT,2,Meshaal Barsham,player,https://scanini.app/teams/qatar
QAT,3,Sultan Albrake,player,https://scanini.app/teams/qatar
QAT,4,Lucas Mendes,player,https://scanini.app/teams/qatar
QAT,5,Homam Ahmed,player,https://scanini.app/teams/qatar
QAT,6,Boualem Khoukhi,player,https://scanini.app/teams/qatar
QAT,7,Pedro Miguel,player,https://scanini.app/teams/qatar
QAT,8,Tarek Salman,player,https://scanini.app/teams/qatar
QAT,9,Mohamed Al-Mannai,player,https://scanini.app/teams/qatar
QAT,10,Karim Boudiaf,player,https://scanini.app/teams/qatar
QAT,11,Assim Madibo,player,https://scanini.app/teams/qatar
QAT,12,Ahmed Fatehi,player,https://scanini.app/teams/qatar
QAT,13,Team Photo,team photo,https://scanini.app/teams/qatar
QAT,14,Mohammed Waad,player,https://scanini.app/teams/qatar
QAT,15,Abdulaziz Hatem,player,https://scanini.app/teams/qatar
QAT,16,Hassan Al-Haydos,player,https://scanini.app/teams/qatar
QAT,17,Edmilson Junior,player,https://scanini.app/teams/qatar
QAT,18,Akram Hassan Afif,player,https://scanini.app/teams/qatar
QAT,19,Ahmed Al Ganehi,player,https://scanini.app/teams/qatar
QAT,20,Almoez Ali,player,https://scanini.app/teams/qatar
RSA,1,Team Logo,team logo · foil,https://scanini.app/teams/south-africa
RSA,2,Ronwen Williams,player,https://scanini.app/teams/south-africa
RSA,3,Sipho Chaine,player,https://scanini.app/teams/south-africa
RSA,4,Aubrey Modiba,player,https://scanini.app/teams/south-africa
RSA,5,Samukele Kabini,player,https://scanini.app/teams/south-africa
RSA,6,Mbekezeli Mbokazi,player,https://scanini.app/teams/south-africa
RSA,7,Khulumani Ndamane,player,https://scanini.app/teams/south-africa
RSA,8,Siyabonga Ngezana,player,https://scanini.app/teams/south-africa
RSA,9,Khuliso Mudau,player,https://scanini.app/teams/south-africa
RSA,10,Nkosinathi Sibisi,player,https://scanini.app/teams/south-africa
RSA,11,Teboho Mokoena,player,https://scanini.app/teams/south-africa
RSA,12,Thalente Mbatha,player,https://scanini.app/teams/south-africa
RSA,13,Team Photo,team photo,https://scanini.app/teams/south-africa
RSA,14,Bathasi Aubaas,player,https://scanini.app/teams/south-africa
RSA,15,Yaya Sithole,player,https://scanini.app/teams/south-africa
RSA,16,Sipho Mbule,player,https://scanini.app/teams/south-africa
RSA,17,Lyle Foster,player,https://scanini.app/teams/south-africa
RSA,18,Iqraam Rayners,player,https://scanini.app/teams/south-africa
RSA,19,Mohau Nkota,player,https://scanini.app/teams/south-africa
RSA,20,Oswin Appollis,player,https://scanini.app/teams/south-africa
SCO,1,Team Logo,team logo · foil,https://scanini.app/teams/scotland
SCO,2,Angus Gunn,player,https://scanini.app/teams/scotland
SCO,3,Jack Hendry,player,https://scanini.app/teams/scotland
SCO,4,Kieran Tierney,player,https://scanini.app/teams/scotland
SCO,5,Aaron Hickey,player,https://scanini.app/teams/scotland
SCO,6,Andrew Robertson,player,https://scanini.app/teams/scotland
SCO,7,Scott McKenna,player,https://scanini.app/teams/scotland
SCO,8,John Souttar,player,https://scanini.app/teams/scotland
SCO,9,Anthony Ralston,player,https://scanini.app/teams/scotland
SCO,10,Grant Hanley,player,https://scanini.app/teams/scotland
SCO,11,Scott McTominay,player,https://scanini.app/teams/scotland
SCO,12,Billy Gilmour,player,https://scanini.app/teams/scotland
SCO,13,Team Photo,team photo,https://scanini.app/teams/scotland
SCO,14,Lewis Ferguson,player,https://scanini.app/teams/scotland
SCO,15,Ryan Christie,player,https://scanini.app/teams/scotland
SCO,16,Kenny McLean,player,https://scanini.app/teams/scotland
SCO,17,John McGinn,player,https://scanini.app/teams/scotland
SCO,18,Lyndon Dykes,player,https://scanini.app/teams/scotland
SCO,19,Che Adams,player,https://scanini.app/teams/scotland
SCO,20,Ben Gannon-Doak,player,https://scanini.app/teams/scotland
SEN,1,Team Logo,team logo · foil,https://scanini.app/teams/senegal
SEN,2,Edouard Mendy,player,https://scanini.app/teams/senegal
SEN,3,Yehvann Diouf,player,https://scanini.app/teams/senegal
SEN,4,Moussa Niakhaté,player,https://scanini.app/teams/senegal
SEN,5,Abdoulaye Seck,player,https://scanini.app/teams/senegal
SEN,6,Ismail Jakobs,player,https://scanini.app/teams/senegal
SEN,7,El Hadji Malick Diouf,player,https://scanini.app/teams/senegal
SEN,8,Kalidou Koulibaly,player,https://scanini.app/teams/senegal
SEN,9,Idrissa Gana Gueye,player,https://scanini.app/teams/senegal
SEN,10,Pape Matar Sarr,player,https://scanini.app/teams/senegal
SEN,11,Pape Gueye,player,https://scanini.app/teams/senegal
SEN,12,Habib Diarra,player,https://scanini.app/teams/senegal
SEN,13,Team Photo,team photo,https://scanini.app/teams/senegal
SEN,14,Lamine Camara,player,https://scanini.app/teams/senegal
SEN,15,Sadio Mane,player,https://scanini.app/teams/senegal
SEN,16,Ismaïla Sarr,player,https://scanini.app/teams/senegal
SEN,17,Boulaye Dia,player,https://scanini.app/teams/senegal
SEN,18,Iliman Ndiaye,player,https://scanini.app/teams/senegal
SEN,19,Nicolas Jackson,player,https://scanini.app/teams/senegal
SEN,20,Krepin Diatta,player,https://scanini.app/teams/senegal
SUI,1,Team Logo,team logo · foil,https://scanini.app/teams/switzerland
SUI,2,Gregor Kobel,player,https://scanini.app/teams/switzerland
SUI,3,Yvon Mvogo,player,https://scanini.app/teams/switzerland
SUI,4,Manuel Akanji,player,https://scanini.app/teams/switzerland
SUI,5,Ricardo Rodriguez,player,https://scanini.app/teams/switzerland
SUI,6,Nico Elvedi,player,https://scanini.app/teams/switzerland
SUI,7,Aurèle Amenda,player,https://scanini.app/teams/switzerland
SUI,8,Silvan Widmer,player,https://scanini.app/teams/switzerland
SUI,9,Granit Xhaka,player,https://scanini.app/teams/switzerland
SUI,10,Denis Zakaria,player,https://scanini.app/teams/switzerland
SUI,11,Remo Freuler,player,https://scanini.app/teams/switzerland
SUI,12,Fabian Rieder,player,https://scanini.app/teams/switzerland
SUI,13,Team Photo,team photo,https://scanini.app/teams/switzerland
SUI,14,Ardon Jashari,player,https://scanini.app/teams/switzerland
SUI,15,Johan Manzambi,player,https://scanini.app/teams/switzerland
SUI,16,Michel Aebischer,player,https://scanini.app/teams/switzerland
SUI,17,Breel Embolo,player,https://scanini.app/teams/switzerland
SUI,18,Ruben Vargas,player,https://scanini.app/teams/switzerland
SUI,19,Dan Ndoye,player,https://scanini.app/teams/switzerland
SUI,20,Zeki Amdouni,player,https://scanini.app/teams/switzerland
SWE,1,Team Logo,team logo · foil,https://scanini.app/teams/sweden
SWE,2,Victor Johansson,player,https://scanini.app/teams/sweden
SWE,3,Isak Hien,player,https://scanini.app/teams/sweden
SWE,4,Gabriel Gudmundsson,player,https://scanini.app/teams/sweden
SWE,5,Emil Holm,player,https://scanini.app/teams/sweden
SWE,6,Victor Nilsson Lindelöf,player,https://scanini.app/teams/sweden
SWE,7,Gustaf Lagerbielke,player,https://scanini.app/teams/sweden
SWE,8,Lucas Bergvall,player,https://scanini.app/teams/sweden
SWE,9,Hugo Larsson,player,https://scanini.app/teams/sweden
SWE,10,Jesper Karlström,player,https://scanini.app/teams/sweden
SWE,11,Yasin Ayari,player,https://scanini.app/teams/sweden
SWE,12,Mattias Svanberg,player,https://scanini.app/teams/sweden
SWE,13,Team Photo,team photo,https://scanini.app/teams/sweden
SWE,14,Daniel Svensson,player,https://scanini.app/teams/sweden
SWE,15,Ken Sema,player,https://scanini.app/teams/sweden
SWE,16,Roony Bardghji,player,https://scanini.app/teams/sweden
SWE,17,Dejan Kulusevski,player,https://scanini.app/teams/sweden
SWE,18,Anthony Elanga,player,https://scanini.app/teams/sweden
SWE,19,Alexander Isak,player,https://scanini.app/teams/sweden
SWE,20,Viktor Gyökeres,player,https://scanini.app/teams/sweden
TUN,1,Team Logo,team logo · foil,https://scanini.app/teams/tunisia
TUN,2,Bechir Ben Said,player,https://scanini.app/teams/tunisia
TUN,3,Aymen Dahmen,player,https://scanini.app/teams/tunisia
TUN,4,Yan Valery,player,https://scanini.app/teams/tunisia
TUN,5,Montassar Talbi,player,https://scanini.app/teams/tunisia
TUN,6,Yassine Meriah,player,https://scanini.app/teams/tunisia
TUN,7,Ali Abdi,player,https://scanini.app/teams/tunisia
TUN,8,Dylan Bronn,player,https://scanini.app/teams/tunisia
TUN,9,Ellyes Skhiri,player,https://scanini.app/teams/tunisia
TUN,10,Aissa Laidouni,player,https://scanini.app/teams/tunisia
TUN,11,Ferjani Sassi,player,https://scanini.app/teams/tunisia
TUN,12,Mohamed Ali Ben Romdhane,player,https://scanini.app/teams/tunisia
TUN,13,Team Photo,team photo,https://scanini.app/teams/tunisia
TUN,14,Hannibal Mejbri,player,https://scanini.app/teams/tunisia
TUN,15,Elias Achouri,player,https://scanini.app/teams/tunisia
TUN,16,Elias Saad,player,https://scanini.app/teams/tunisia
TUN,17,Hazem Mastouri,player,https://scanini.app/teams/tunisia
TUN,18,Ismael Gharbi,player,https://scanini.app/teams/tunisia
TUN,19,Sayfallah Ltaief,player,https://scanini.app/teams/tunisia
TUN,20,Naim Sliti,player,https://scanini.app/teams/tunisia
TUR,1,Team Logo,team logo · foil,https://scanini.app/teams/turkey
TUR,2,Ugurcan Cakir,player,https://scanini.app/teams/turkey
TUR,3,Mert Muldur,player,https://scanini.app/teams/turkey
TUR,4,Zeki Celik,player,https://scanini.app/teams/turkey
TUR,5,Abdulkerim Bardakci,player,https://scanini.app/teams/turkey
TUR,6,Caglar Soyuncu,player,https://scanini.app/teams/turkey
TUR,7,Merih Demiral,player,https://scanini.app/teams/turkey
TUR,8,Ferdi Kadioglu,player,https://scanini.app/teams/turkey
TUR,9,Kaan Ayhan,player,https://scanini.app/teams/turkey
TUR,10,Ismail Yuksek,player,https://scanini.app/teams/turkey
TUR,11,Hakan Calhanoglu,player,https://scanini.app/teams/turkey
TUR,12,Orkun Kokcu,player,https://scanini.app/teams/turkey
TUR,13,Team Photo,team photo,https://scanini.app/teams/turkey
TUR,14,Arda Guler,player,https://scanini.app/teams/turkey
TUR,15,Irfan Can Kahveci,player,https://scanini.app/teams/turkey
TUR,16,Yunus Akgun,player,https://scanini.app/teams/turkey
TUR,17,Can Uzun,player,https://scanini.app/teams/turkey
TUR,18,Baris Alper Yilmaz,player,https://scanini.app/teams/turkey
TUR,19,Kerem Akturkoglu,player,https://scanini.app/teams/turkey
TUR,20,Kenan Yildiz,player,https://scanini.app/teams/turkey
URU,1,Team Logo,team logo · foil,https://scanini.app/teams/uruguay
URU,2,Sergio Rochet,player,https://scanini.app/teams/uruguay
URU,3,Santiago Mele,player,https://scanini.app/teams/uruguay
URU,4,Ronald Araujo,player,https://scanini.app/teams/uruguay
URU,5,José María Giménez,player,https://scanini.app/teams/uruguay
URU,6,Sebastian Caceres,player,https://scanini.app/teams/uruguay
URU,7,Mathias Olivera,player,https://scanini.app/teams/uruguay
URU,8,Guillermo Varela,player,https://scanini.app/teams/uruguay
URU,9,Nahitan Nandez,player,https://scanini.app/teams/uruguay
URU,10,Federico Valverde,player,https://scanini.app/teams/uruguay
URU,11,Giorgian De Arrascaeta,player,https://scanini.app/teams/uruguay
URU,12,Rodrigo Bentancur,player,https://scanini.app/teams/uruguay
URU,13,Team Photo,team photo,https://scanini.app/teams/uruguay
URU,14,Manuel Ugarte,player,https://scanini.app/teams/uruguay
URU,15,Nicolás de la Cruz,player,https://scanini.app/teams/uruguay
URU,16,Maxi Araujo,player,https://scanini.app/teams/uruguay
URU,17,Darwin Núñez,player,https://scanini.app/teams/uruguay
URU,18,Federico Viñas,player,https://scanini.app/teams/uruguay
URU,19,Rodrigo Aguirre,player,https://scanini.app/teams/uruguay
URU,20,Facundo Pellistri,player,https://scanini.app/teams/uruguay
USA,1,Team Logo,team logo · foil,https://scanini.app/teams/united-states
USA,2,Math Freese,player,https://scanini.app/teams/united-states
USA,3,Chris Richards,player,https://scanini.app/teams/united-states
USA,4,Tim Ream,player,https://scanini.app/teams/united-states
USA,5,Mark McKenzie,player,https://scanini.app/teams/united-states
USA,6,Alex Freeman,player,https://scanini.app/teams/united-states
USA,7,Antonee Robinson,player,https://scanini.app/teams/united-states
USA,8,Tyler Adams,player,https://scanini.app/teams/united-states
USA,9,Tanner Tessmann,player,https://scanini.app/teams/united-states
USA,10,Weston McKenny,player,https://scanini.app/teams/united-states
USA,11,Christian Roldan,player,https://scanini.app/teams/united-states
USA,12,Timothy Weah,player,https://scanini.app/teams/united-states
USA,13,Team Photo,team photo,https://scanini.app/teams/united-states
USA,14,Diego Luna,player,https://scanini.app/teams/united-states
USA,15,Malik Tillman,player,https://scanini.app/teams/united-states
USA,16,Christian Pulisic,player,https://scanini.app/teams/united-states
USA,17,Brenden Aaronson,player,https://scanini.app/teams/united-states
USA,18,Ricardo Pepi,player,https://scanini.app/teams/united-states
USA,19,Haji Wright,player,https://scanini.app/teams/united-states
USA,20,Folarin Balogun,player,https://scanini.app/teams/united-states
UZB,1,Team Logo,team logo · foil,https://scanini.app/teams/uzbekistan
UZB,2,Utkir Yusupov,player,https://scanini.app/teams/uzbekistan
UZB,3,Farrukh Savfiev,player,https://scanini.app/teams/uzbekistan
UZB,4,Sherzod Nasrullaev,player,https://scanini.app/teams/uzbekistan
UZB,5,Umar Eshmurodov,player,https://scanini.app/teams/uzbekistan
UZB,6,Husniddin Aliqulov,player,https://scanini.app/teams/uzbekistan
UZB,7,Rustamjon Ashurmatov,player,https://scanini.app/teams/uzbekistan
UZB,8,Khojiakbar Alijonov,player,https://scanini.app/teams/uzbekistan
UZB,9,Abdukodir Khusanov,player,https://scanini.app/teams/uzbekistan
UZB,10,Odiljon Hamrobekov,player,https://scanini.app/teams/uzbekistan
UZB,11,Otabek Shukurov,player,https://scanini.app/teams/uzbekistan
UZB,12,Jamshid Iskanderov,player,https://scanini.app/teams/uzbekistan
UZB,13,Team Photo,team photo,https://scanini.app/teams/uzbekistan
UZB,14,Azizbek Turgunboev,player,https://scanini.app/teams/uzbekistan
UZB,15,Khojimat Erkinov,player,https://scanini.app/teams/uzbekistan
UZB,16,Eldor Shomurodov,player,https://scanini.app/teams/uzbekistan
UZB,17,Oston Urunov,player,https://scanini.app/teams/uzbekistan
UZB,18,Jaloliddin Masharipov,player,https://scanini.app/teams/uzbekistan
UZB,19,Igor Sergeev,player,https://scanini.app/teams/uzbekistan
UZB,20,Abbosbek Fayzullaev,player,https://scanini.app/teams/uzbekistan
