team,num,name,type,dob,height,weight,club
FWC,1,Official Emblem,fwc special · foil,,,,
FWC,2,Official Emblem,fwc special · foil,,,,
FWC,3,Official Mascots,fwc special · foil,,,,
FWC,4,Official Slogan,fwc special · foil,,,,
FWC,5,Official Ball,fwc special · foil,,,,
FWC,6,Canada - Host Countries & Cities,fwc special · foil,,,,
FWC,7,Mexico - Host Countries & Cities,fwc special · foil,,,,
FWC,8,USA - Host Countries & Cities,fwc special · foil,,,,
FWC,9,Italy 1934 - World Cup History,fwc special · foil,,,,
FWC,10,Uruguay 1950 - World Cup History,fwc special · foil,,,,
FWC,11,West Germany 1954 - World Cup History,fwc special · foil,,,,
FWC,12,Brazil 1962 - World Cup History,fwc special · foil,,,,
FWC,13,West Germany 1974 - World Cup History,fwc special · foil,,,,
FWC,14,Argentina 1986 - World Cup History,fwc special · foil,,,,
FWC,15,Brazil 1994 - World Cup History,fwc special · foil,,,,
FWC,16,Brazil 2002 - World Cup History,fwc special · foil,,,,
FWC,17,Italy 2006 - World Cup History,fwc special · foil,,,,
FWC,18,Germany 2014 - World Cup History,fwc special · foil,,,,
FWC,19,Argentina 2022 - World Cup History,fwc special · foil,,,,
ALG,1,Team Logo,team logo · foil,,,,
ALG,2,Alexis Guendouz,player,1996-01-26,,,MC Alger
ALG,3,Ramy Bensebaini,player,1995-04-16,187,,Borussia Dortmund
ALG,4,Youcef Atal,player,1996-05-17,176,,[[Al Sadd SC
ALG,5,Rayan Aït-Nouri,player,2001-06-06,180,,[[Manchester City F.C.
ALG,6,Mohamed Amine Tougai,player,2000-01-22,191,,[[Espérance Sportive de Tunis
ALG,7,Aïssa Mandi,player,1991-10-22,184,,[[Lille OSC
ALG,8,Ismael Bennacer,player,1997-12-01,175,,GNK Dinamo Zagreb
ALG,9,Houssem Aquar,player,1998-06-30,175,,Al-Ittihad Club (Jeddah)
ALG,10,Hicham Boudaoui,player,1999-09-23,175,,[[OGC Nice
ALG,11,Ramiz Zerrouki,player,1998-05-26,183,,[[FC Twente
ALG,12,Nabil Bentalab,player,,,,
ALG,13,Team Photo,team photo,,,,
ALG,14,Farés Chaibi,player,,,,
ALG,15,Riyad Mahrez,player,1991-02-21,179,,[[Al-Ahli Saudi FC
ALG,16,Said Benrahma,player,1995-08-10,172,,Neom SC
ALG,17,Anis Hadj Moussa,player,2002-02-11,176,,Feyenoord
ALG,18,Amine Gouiri,player,2000-02-16,181,,[[Olympique de Marseille
ALG,19,Baghdad Bounedjah,player,1991-11-24,185,,[[Al-Shamal SC
ALG,20,Mohammed Amoura,player,,,,
ARG,1,Team Logo,team logo · foil,,,,
ARG,2,Emiliano Martinez,player,,,,
ARG,3,Nahuel Molina,player,1998-04-06,175,,Atlético Madrid
ARG,4,Cristian Romero,player,1998-04-27,185,,Tottenham Hotspur F.C.
ARG,5,Nicolas Otamendi,player,1988-02-12,183,,S.L. Benfica
ARG,6,Nicolas Tagliafico,player,1992-08-31,170,,Olympique Lyonnais
ARG,7,Leonardo Balerdi,player,1999-01-26,187,,Marseille
ARG,8,Enzo Fernandez,player,2001-01-17,178,,Chelsea
ARG,9,Alexis Mac Allister,player,1998-12-24,176,,Liverpool
ARG,10,Rodrigo De Paul,player,1994-05-24,180,,Inter Miami
ARG,11,Exequiel Palacios,player,1998-10-05,177,,Bayer Leverkusen
ARG,12,Leandro Paredes,player,1994-06-29,180,,Boca Juniors
ARG,13,Team Photo,team photo,,,,
ARG,14,Nico Paz,player,2004-01-09,177,72,Como
ARG,15,Franco Mastantuono,player,2007-03-14,180,75,Real Madrid
ARG,16,Nico Gonzalez,player,1997-12-06,182,79,Barcelona
ARG,17,Lionel Messi,player,1987-06-24,170,,Inter Miami
ARG,18,Lautaro Martinez,player,1997-08-22,174,,Inter Milan
ARG,19,Julian Alvarez,player,2000-01-31,173,,Atlético Madrid
ARG,20,Giuliano Simeone,player,1999-07-07,186,78,Atlético Madrid
AUS,1,Team Logo,team logo · foil,,,,
AUS,2,Mathew Ryan,player,1992-04-08,184,,Levante
AUS,3,Joe Gauci,player,2000-07-04,194,,Aston Villa
AUS,4,Harry Souttar,player,1998-10-22,198,,Leicester City
AUS,5,Alessandro Circati,player,2003-10-10,,,Parma
AUS,6,Jordan Bos,player,2002-10-29,,,Feyenoord
AUS,7,Aziz Behich,player,1990-12-16,170,,Melbourne City
AUS,8,Cameron Burgess,player,1995-10-21,194,,Swansea City
AUS,9,Lewis Miller,player,,,,
AUS,10,Milos Degenek,player,1994-04-28,187,,APOEL
AUS,11,Jackson Irvine,player,1993-03-07,189,,FC St. Pauli
AUS,12,Riley McGree,player,1998-11-02,178,,Middlesbrough
AUS,13,Team Photo,team photo,,,,
AUS,14,Aiden O'Neill,player,1998-07-04,,,New York City FC
AUS,15,Connor Metcalfe,player,1999-11-05,183,,FC St. Pauli
AUS,16,Patrick Yazbek,player,2002-04-05,185,,Nashville SC
AUS,17,Craig Goodwin,player,1991-12-16,183,,Adelaide United FC
AUS,18,Kusini Vengi,player,,,,
AUS,19,Nestory Irankunda,player,2006-02-09,,,Watford
AUS,20,Mohamed Touré,player,,,,
AUT,1,Team Logo,team logo · foil,,,,
AUT,2,Alexander Schlager,player,1996-02-01,184,,Red Bull Salzburg
AUT,3,Patrick Pentz,player,1997-01-02,183,,Brøndby
AUT,4,David Alaba,player,1992-06-24,180,,Real Madrid
AUT,5,Kevin Danso,player,1998-09-19,190,,Tottenham Hotspur
AUT,6,Philipp Lienhart,player,1996-07-11,189,,SC Freiburg
AUT,7,Stefan Posch,player,1997-05-14,190,,Mainz 05
AUT,8,Phillipp Mwene,player,1994-01-29,170,,Mainz 05
AUT,9,Alexander Prass,player,2001-05-26,180,,TSG Hoffenheim
AUT,10,Xaver Schlager,player,1997-09-28,174,,RB Leipzig
AUT,11,Marcel Sabitzer,player,1994-03-17,178,,Borussia Dortmund
AUT,12,Konrad Laimer,player,1997-05-27,180,,Bayern Munich
AUT,13,Team Photo,team photo,,,,
AUT,14,Florian Grillitsch,player,1995-08-07,187,,SC Braga
AUT,15,Nicolas Seiwald,player,2001-05-04,180,,RB Leipzig
AUT,16,Romano Schmid,player,2000-01-27,168,,SV Werder Bremen
AUT,17,Patrick Wimmer,player,2001-05-30,182,,VfL Wolfsburg
AUT,18,Christoph Baumgartner,player,1999-08-01,180,,RB Leipzig
AUT,19,Michael Gregoritsch,player,1994-04-18,193,,FC Augsburg (on loan from Brøndby IF)
AUT,20,Marko Arnautović,player,1989-04-19,192,,Red Star Belgrade
BEL,1,Team Logo,team logo · foil,,,,
BEL,2,Thibaut Courtois,player,1992-05-11,200,,[[Real Madrid CF
BEL,3,Arthur Theate,player,2000-05-25,185,,Eintracht Frankfurt
BEL,4,Timothy Castagne,player,1995-12-05,185,,[[Fulham F.C.
BEL,5,Zeno Debast,player,2003-10-24,191,,Sporting CP
BEL,6,Brandon Mechele,player,1993-01-28,190,,[[Club Brugge KV
BEL,7,Maxim De Cuyper,player,2000-12-22,182,,[[Brighton & Hove Albion F.C.
BEL,8,Thomas Meunier,player,1991-09-12,191,,[[Lille OSC
BEL,9,Youri Tielemans,player,1997-05-07,176,,Aston Villa
BEL,10,Amadou Onana,player,2001-08-16,195,,[[Aston Villa F.C.
BEL,11,Nicolas Raskin,player,2001-02-23,179,,Rangers F.C.
BEL,12,Alexis Saelemaekers,player,1999-06-27,180,,AC Milan
BEL,13,Team Photo,team photo,,,,
BEL,14,Hans Vanaken,player,1992-08-24,195,,Club Brugge KV
BEL,15,Kevin De Bruyne,player,1991-06-28,181,,SSC Napoli
BEL,16,Jérémy Doku,player,2002-05-27,173,,Manchester City
BEL,17,Charles De Ketelaere,player,2001-03-10,193,,Atalanta
BEL,18,Leandro Trossard,player,1994-12-04,172,,Arsenal
BEL,19,Loïs Openda,player,2000-02-16,175,,Juventus
BEL,20,Romelu Lukaku,player,1993-05-13,191,,Napoli
BIH,1,Team Logo,team logo · foil,,,,
BIH,2,Nikola Vasilj,player,1995-12-02,193,,FC St. Pauli
BIH,3,Amer Dedic,player,,,,
BIH,4,Sead Kolasinac,player,1993-06-20,183,,Atalanta
BIH,5,Tarik Muharemovic,player,2003-02-28,187,,Sassuolo
BIH,6,Nihad Mujakic,player,,,,
BIH,7,Nikola Katic,player,1986-06-01,,,
BIH,8,Amir Hadziahmetovic,player,1997-03-08,179,,Hull City
BIH,9,Benjamin Tahirovic,player,2003-03-03,191,,Brøndby
BIH,10,Armin Gigovic,player,2002-04-06,187,,Young Boys
BIH,11,Ivan Sunjic,player,1996-10-09,184,,Pafos
BIH,12,Ivan Basic,player,,,,
BIH,13,Team Photo,team photo,,,,
BIH,14,Dzenis Burnic,player,1998-05-22,181,,Karlsruher SC
BIH,15,Esmir Bajraktarevic,player,2005-03-10,175,,PSV
BIH,16,Amar Memic,player,2001-01-20,176,,Viktoria Plzeň
BIH,17,Ermedin Demirovic,player,1998-03-25,185,,VfB Stuttgart
BIH,18,Edin Dzeko,player,1986-03-17,193,,Schalke 04
BIH,19,Samed Bazdar,player,2004-01-31,186,,Jagiellonia Białystok
BIH,20,Haris Tabakovic,player,1994-06-20,196,,Borussia Mönchengladbach
BRA,1,Team Logo,team logo · foil,,,,
BRA,2,Alisson,player,1992-10-02,193,,Liverpool
BRA,3,Bento,player,,,,
BRA,4,Marquinhos,player,,,,
BRA,5,Éder Militão,player,1998-01-18,186,,Real Madrid
BRA,6,Gabriel Magalhães,player,1997-12-19,190,,Arsenal
BRA,7,Danilo,player,,,,
BRA,8,Wesley,player,,,,
BRA,9,Lucas Paquetá,player,1997-08-27,180,,Flamengo
BRA,10,Casemiro,player,1992-02-23,185,,Manchester United
BRA,11,Bruno Guimarães,player,1997-11-16,182,,Newcastle United
BRA,12,Luiz Henrique,player,,,,
BRA,13,Team Photo,team photo,,,,
BRA,14,Vinicius Júnior,player,2000-07-12,176,,Real Madrid
BRA,15,Rodrygo,player,2001-01-09,174,,Real Madrid
BRA,16,João Pedro,player,,,,
BRA,17,Matheus Cunha,player,1999-05-27,183,,Manchester United
BRA,18,Gabriel Martinelli,player,2001-06-18,178,,Arsenal
BRA,19,Raphinha,player,1996-12-14,176,,Barcelona
BRA,20,Estévão,player,,,,
CAN,1,Team Logo,team logo · foil,,,,
CAN,2,Dayne St.Clair,player,,,,
CAN,3,Alphonso Davies,player,2000-11-02,185,,Bayern Munich
CAN,4,Alistair Johnston,player,1998-10-08,180,,Celtic
CAN,5,Samuel Adekugbe,player,1995-01-16,178,,Vancouver Whitecaps FC
CAN,6,Riche Larvea,player,,,,
CAN,7,Derek Cornelius,player,1997-11-25,187,,[[Rangers F.C.
CAN,8,Moïse Bombito,player,2000-03-30,191,,[[OGC Nice
CAN,9,Kamal Miller,player,1997-05-16,,,Portland Timbers
CAN,10,Stephen Eustáquio,player,1996-12-21,178,,Los Angeles FC
CAN,11,Ismaël Koné,player,2002-06-16,,,[[US Sassuolo Calcio
CAN,12,Jonathan Osorio,player,1992-06-12,,,Toronto FC
CAN,13,Team Photo,team photo,,,,
CAN,14,Jacob Shaffelburg,player,1999-11-26,178,,Los Angeles FC
CAN,15,Mathieu Choinière,player,1999-02-07,175,,Los Angeles FC
CAN,16,Niko Sigur,player,2003-09-09,180,,[[HNK Hajduk Split
CAN,17,Tajon Buchanan,player,1999-02-08,183,,Villarreal
CAN,18,Liam Millar,player,1999-09-27,176,,Hull City
CAN,19,Cyle Larin,player,1995-04-17,188,,Southampton
CAN,20,Jonathan David,player,2000-01-14,178,,Juventus
CIV,1,Team Logo,team logo · foil,,,,
CIV,2,Yahia Fofana,player,2000-08-21,194,,Çaykur Rizespor
CIV,3,Ghislain Konan,player,1995-12-27,178,,Gil Vicente
CIV,4,Wilfried Singo,player,2000-12-25,190,,Galatasaray
CIV,5,Odilon Kossounou,player,2001-01-04,191,,Atalanta
CIV,6,Evan Ndicka,player,1999-08-20,192,,Roma
CIV,7,Willy Boly,player,1991-02-03,195,,Nottingham Forest
CIV,8,Emmanuel Agbadou,player,1997-06-17,192,,Beşiktaş
CIV,9,Ousmane Diomande,player,2003-12-04,,,Sporting CP
CIV,10,Franck Kessie,player,1996-12-19,183,,Al-Ahli
CIV,11,Seko Fofana,player,1995-05-07,185,,Porto
CIV,12,Ibrahim Sangare,player,,,,
CIV,13,Team Photo,team photo,,,,
CIV,14,Jean-Philippe Gbamin,player,1995-09-25,186,,Metz
CIV,15,Amad Diallo,player,2002-07-11,173,,Manchester United
CIV,16,Sébastien Haller,player,1994-06-22,190,,Utrecht
CIV,17,Simon Adingra,player,2002-01-01,175,,Monaco
CIV,18,Yan Diomande,player,2006-11-14,182,,RB Leipzig
CIV,19,Evann Guessand,player,2001-07-01,185,,Crystal Palace
CIV,20,Oumar Diakite,player,2003-12-20,182,,Cercle Brugge
COD,1,Team Logo,team logo · foil,,,,
COD,2,Lionel Mpasi,player,1994-08-01,182,,Le Havre
COD,3,Aaron Wan-Bissaka,player,1997-11-26,,,West Ham United
COD,4,Axel Tuanzebe,player,1997-11-14,185,,Burnley
COD,5,Arthur Masuaku,player,1993-11-07,179,,Lens
COD,6,Chancel Mbemba,player,1994-08-08,182,,Lille
COD,7,Joris Kayembe,player,1994-08-08,180,,Genk
COD,8,Charles Pickel,player,1997-05-15,185,,Espanyol
COD,9,Ngal'ayel Mukau,player,2004-11-03,188,,Lille
COD,10,Edo Kayembe,player,1998-06-03,183,,Watford
COD,11,Samuel Moutoussamy,player,1996-08-12,176,,Atromitos
COD,12,Noah Sadiki,player,2004-12-17,173,,Sunderland
COD,13,Team Photo,team photo,,,,
COD,14,Théo Bongonda,player,1995-11-20,177,,Spartak Moscow
COD,15,Meschak Elia,player,1997-08-06,173,,Alanyaspor
COD,16,Yoane Wissa,player,1996-09-03,176,,Newcastle United
COD,17,Brian Cipenga,player,1998-03-11,172,,Castellón
COD,18,Fiston Mayele,player,1994-06-28,180,,Pyramids
COD,19,Cédric Bakambu,player,1991-04-11,182,,Betis
COD,20,Nathanaël Mbuku,player,2002-03-16,170,,Montpellier
COL,1,Team Logo,team logo · foil,,,,
COL,2,Camilo Vargas,player,1989-03-09,190,,Atlas
COL,3,David Ospina,player,1988-08-31,183,,Atlético Nacional
COL,4,Dávinson Sánchez,player,1996-06-12,187,,Galatasaray
COL,5,Yerry Mina,player,1994-09-23,195,,Cagliari
COL,6,Daniel Munoz,player,,,,
COL,7,Johan Mojica,player,1992-08-21,185,,Mallorca
COL,8,Jhon Lucumí,player,1998-06-26,,,Bologna
COL,9,Santiago Arias,player,1992-01-13,178,,Independiente
COL,10,Jefferson Lerma,player,1994-10-25,179,,Crystal Palace
COL,11,Kevin Castaño,player,2000-09-29,177,,River Plate
COL,12,Richard Rios,player,2000-06-02,185,,Benfica
COL,13,Team Photo,team photo,,,,
COL,14,James Rodriguez,player,1991-07-12,181,,Minnesota United
COL,15,Juan Fernando Quintero,player,1993-01-18,168,,River Plate
COL,16,Jorge Carrascal,player,1998-05-25,180,,Flamengo
COL,17,Jon Arias,player,,,,
COL,18,Jhon Cordova,player,,,,
COL,19,Luis Suarez,player,1987-01-24,182,,Inter Miami
COL,20,Luis Diaz,player,,,,
CPV,1,Team Logo,team logo · foil,,,,
CPV,2,Vozinha,player,1986-06-03,189,,Chaves
CPV,3,Logan Costa,player,2001-04-01,190,,Villarreal
CPV,4,Pico,player,,,,
CPV,5,Diney,player,,,,
CPV,6,Steven Moreira,player,1994-08-13,176,,Columbus Crew
CPV,7,Wagner Pina,player,2002-11-03,180,,Trabzonspor
CPV,8,Joao Paulo,player,,,,
CPV,9,Yannick Semedo,player,1995-12-29,171,,Farense
CPV,10,Kevin Pina,player,,,,
CPV,11,Patrick Andrade,player,1993-02-09,,,Araz-Naxçıvan
CPV,12,Jamiro Monteiro,player,1993-11-23,170,,PEC Zwolle
CPV,13,Team Photo,team photo,,,,
CPV,14,Deroy Duarte,player,1999-07-04,177,,Ludogorets Razgrad
CPV,15,Garry Rodrigues,player,1990-11-27,172,,Apollon Limassol
CPV,16,Jovane Cabral,player,1998-06-14,176,,Estrela Amadora
CPV,17,Ryan Mendes,player,1990-01-08,178,,Iğdır
CPV,18,Dailon Livramento,player,2001-05-04,185,,Casa Pia
CPV,19,Willy Semedo,player,1994-04-27,185,,Omonia
CPV,20,Bebe,player,,,,
CRO,1,Team Logo,team logo · foil,,,,
CRO,2,Dominik Livaković,player,1995-01-09,188,,[[GNK Dinamo Zagreb
CRO,3,Duje Caleta-Car,player,1996-09-17,193,,Real Sociedad
CRO,4,Josko Gvardiol,player,2002-01-23,185,,[[Manchester City F.C.
CRO,5,Josip Stanišić,player,2000-04-02,186,,[[FC Bayern Munich
CRO,6,Luka Vušković,player,2007-02-24,193,,Hamburger SV
CRO,7,Josip Sutalo,player,2000-02-28,185,,[[AFC Ajax
CRO,8,Kristijan Jakic,player,1997-05-14,181,,FC Augsburg
CRO,9,Luka Modrić,player,1985-09-09,172,,AC Milan
CRO,10,Mateo Kovacic,player,1994-05-06,177,,[[Manchester City F.C.
CRO,11,Martin Baturina,player,2003-02-16,172,,[[Como 1907
CRO,12,Lovro Majer,player,1998-01-17,178,,VfL Wolfsburg
CRO,13,Team Photo,team photo,,,,
CRO,14,Mario Pasalic,player,1995-02-09,188,,Atalanta
CRO,15,Petar Sucic,player,2003-10-25,183,,Inter Milan
CRO,16,Ivan Perišić,player,1989-02-02,186,,PSV
CRO,17,Marco Pasalic,player,2000-09-14,177,,Orlando City
CRO,18,Ante Budimir,player,1991-07-22,190,,Osasuna
CRO,19,Andrej Kramarić,player,1991-06-19,177,,TSG Hoffenheim
CRO,20,Franjo Ivanovic,player,2003-10-01,185,,Benfica
CUW,1,Team Logo,team logo · foil,,,,
CUW,2,Eloy Room,player,1989-02-06,190,,Miami FC
CUW,3,Armando Obispo,player,1999-03-05,185,,PSV
CUW,4,Sherel Floranus,player,1998-08-23,185,,PEC Zwolle
CUW,5,Jurien Gaari,player,1993-12-23,180,,Abha
CUW,6,Joshua Brenet,player,1994-03-20,181,,Kayserispor
CUW,7,Roshon Van Eijma,player,,,,
CUW,8,Shurandy Sambo,player,2001-08-19,174,,Sparta Rotterdam
CUW,9,Livano Comenencia,player,2004-02-03,,,Zürich
CUW,10,Godfried Roemeratoe,player,1999-08-19,178,,RKC Waalwijk
CUW,11,Juninho Bacuna,player,1997-08-07,178,,Volendam
CUW,12,Leandro Bacuna,player,1991-08-21,,,Iğdır FK
CUW,13,Team Photo,team photo,,,,
CUW,14,Tahith Chong,player,1999-12-04,185,,Sheffield United
CUW,15,Kenji Gorre,player,1994-09-29,178,,Maccabi Haifa
CUW,16,Jearl Margaritha,player,2000-04-10,181,,Beveren
CUW,17,Jurgen Locadia,player,1993-11-07,185,,Miami FC
CUW,18,Jeremy Antonisse,player,2002-03-29,184,,A.E. Kifisia
CUW,19,Gervane Kastaneer,player,1996-06-09,185,,Terengganu
CUW,20,Sontje Hansen,player,2002-05-18,173,,Middlesbrough
CZE,1,Team Logo,team logo · foil,,,,
CZE,2,Matej Kovar,player,2000-05-17,196,,PSV
CZE,3,Jindrich Stanek,player,,,,
CZE,4,Ladislav Krejci,player,,,,
CZE,5,Vladimir Coufal,player,1992-08-22,174,,TSG Hoffenheim
CZE,6,Jaroslav Zeleny,player,1992-08-20,190,,Sparta Prague
CZE,7,Tomas Holes,player,1993-03-31,180,,Slavia Prague
CZE,8,David Zima,player,2000-11-08,190,,Slavia Prague
CZE,9,Michal Sadilek,player,1999-05-31,169,,Slavia Prague
CZE,10,Lukas Provod,player,1996-10-23,189,,Slavia Prague
CZE,11,Lukas Cerv,player,2001-04-10,182,,Viktoria Plzeň
CZE,12,Tomas Soucek,player,1995-02-27,192,,West Ham United
CZE,13,Team Photo,team photo,,,,
CZE,14,Pavel Sulc,player,2000-12-29,177,,Lyon
CZE,15,Matej Vydra,player,1992-05-01,180,,Viktoria Plzeň
CZE,16,Vasil Kusej,player,,,,
CZE,17,Tomas Chory,player,1995-01-26,199,,Slavia Prague
CZE,18,Vaclav Cerny,player,,,,
CZE,19,Adam Hlozek,player,2002-07-25,188,,TSG Hoffenheim
CZE,20,Patrik Schick,player,1996-01-24,191,,Bayer Leverkusen
ECU,1,Team Logo,team logo · foil,,,,
ECU,2,Hernán Galíndez,player,1987-03-30,189,,Huracán
ECU,3,Gonzalo Valle,player,1996-02-28,,,L.D.U. Quito
ECU,4,Piero Hincapié,player,2002-01-09,184,,Arsenal
ECU,5,Pervis Estupiñán,player,1998-01-21,175,,AC Milan
ECU,6,Willian Pacho,player,2001-10-16,188,,Paris Saint-Germain
ECU,7,Ángelo Preciado,player,1998-02-18,174,,Atlético Mineiro
ECU,8,Joel Ordóñez,player,2004-04-21,188,,Club Brugge
ECU,9,Moises Caicedo,player,2001-11-02,178,,Chelsea
ECU,10,Alan Franco,player,,,,
ECU,11,Kendry Paez,player,2007-05-04,178,,River Plate
ECU,12,Pedro Vite,player,2002-03-09,168,,UNAM
ECU,13,Team Photo,team photo,,,,
ECU,14,John Veboah,player,,,,
ECU,15,Leonardo Campana,player,2000-07-24,187,,New England Revolution
ECU,16,Gonzalo Plata,player,2000-11-01,178,,Flamengo
ECU,17,Nilson Angulo,player,2003-06-19,184,,Sunderland
ECU,18,Alan Minda,player,2003-05-14,171,,Atlético Mineiro
ECU,19,Kevin Rodriguez,player,,,,
ECU,20,Enner Valencia,player,1989-11-04,,,Pachuca
EGY,1,Team Logo,team logo · foil,,,,
EGY,2,Mohamed El Shenawy,player,1988-12-18,191,,Al Ahly
EGY,3,Mohamed Hany,player,1996-02-02,175,,Al Ahly
EGY,4,Mohamed Hamdy,player,,,,
EGY,5,Yasser Ibrahim,player,1993-02-10,185,,Al Ahly
EGY,6,Khaled Sobhi,player,1995-05-03,187,,Al Masry
EGY,7,Ramy Rabia,player,1993-05-20,183,,Al Ain
EGY,8,Hossam Abdelmaguid,player,2001-04-30,193,,Zamalek
EGY,9,Ahmed Fatouh,player,1998-03-22,178,,Zamalek
EGY,10,Marwan Attia,player,1998-08-01,176,,Al Ahly
EGY,11,Zizo,player,1986-01-01,,,
EGY,12,Hamdy Fathy,player,1994-09-29,183,,[[Al-Wakrah SC
EGY,13,Team Photo,team photo,,,,
EGY,14,Mohamed Lasheen,player,,,,
EGY,15,Emam Ashour,player,1998-02-20,180,,[[Al Ahly SC
EGY,16,Osama Faisal,player,2001-01-01,180,,National Bank of Egypt SC
EGY,17,Mohamed Salah,player,1992-06-15,175,,[[Liverpool F.C.
EGY,18,Mostafa Mohamed,player,,,,
EGY,19,Trezeguet,player,,,,
EGY,20,Omar Marmoush,player,1999-02-07,180,,[[Manchester City F.C.
ENG,1,Team Logo,team logo · foil,,,,
ENG,2,Jordan Pickford,player,1994-03-07,,,[[Everton F.C.
ENG,3,John Stones,player,1994-05-28,,,Manchester City
ENG,4,Marc Guéhi,player,2000-07-13,,,Manchester City
ENG,5,Ezri Konsa,player,1997-10-23,,,Aston Villa
ENG,6,Trent Alexander-Arnold,player,1998-10-07,,,Real Madrid
ENG,7,Reece James,player,1999-12-08,,,Chelsea
ENG,8,Dan Burn,player,1992-05-09,,,Newcastle United
ENG,9,Jordan Henderson,player,1990-06-17,,,Brentford
ENG,10,Declan Rice,player,1999-01-14,,,Arsenal
ENG,11,Jude Bellingham,player,2003-06-29,,,Real Madrid
ENG,12,Cole Palmer,player,2002-05-06,,,Chelsea
ENG,13,Team Photo,team photo,,,,
ENG,14,Morgan Rogers,player,2002-07-26,,,Aston Villa
ENG,15,Anthony Gordon,player,,,,
ENG,16,Phil Foden,player,2000-05-28,,,Manchester City
ENG,17,Bukayo Saka,player,2001-09-05,,,Arsenal
ENG,18,Harry Kane,player,1993-07-28,,,Bayern Munich
ENG,19,Marcus Rashford,player,1997-10-31,,,Barcelona
ENG,20,Ollie Watkins,player,1995-12-30,,,Aston Villa
ESP,1,Team Logo,team logo · foil,,,,
ESP,2,Unai Simon,player,1997-06-11,190,,Athletic Bilbao
ESP,3,Robin Le Normand,player,1996-11-11,187,,Atlético Madrid
ESP,4,Aymeric Laporte,player,1994-05-27,191,,Athletic Bilbao
ESP,5,Dean Huijsen,player,2005-04-14,196,,Real Madrid
ESP,6,Pedro Porro,player,1999-09-13,173,,Tottenham Hotspur
ESP,7,Dani Carvajal,player,1992-01-11,173,,Real Madrid
ESP,8,Marc Cucurella,player,1998-07-22,174,,Chelsea
ESP,9,Martín Zubimendi,player,1999-02-02,181,,Arsenal
ESP,10,Rodri,player,,,,
ESP,11,Pedri,player,2002-11-25,174,,Barcelona
ESP,12,Fabian Ruiz,player,1996-04-03,189,,Paris Saint-Germain
ESP,13,Team Photo,team photo,,,,
ESP,14,Mikel Merino,player,1996-06-22,189,,Arsenal
ESP,15,Lamine Yamal,player,2007-07-13,179,,Barcelona
ESP,16,Dani Olmo,player,1998-05-07,182,,Barcelona
ESP,17,Nico Williams,player,,,,
ESP,18,Ferran Torres,player,2000-02-29,182,,Barcelona
ESP,19,Álvaro Morata,player,1992-10-23,190,,Como
ESP,20,Mikel Oyarzabal,player,1997-04-21,181,,Real Sociedad
FRA,1,Team Logo,team logo · foil,,,,
FRA,2,Mike Maignan,player,1995-07-03,191,,AC Milan
FRA,3,Theo Hernandez,player,1997-10-06,184,,Al Hilal
FRA,4,William Saliba,player,2001-03-24,192,,Arsenal
FRA,5,Jules Kounde,player,1998-11-12,181,,Barcelona
FRA,6,Ibrahima Konate,player,1999-05-25,194,,Liverpool
FRA,7,Dayot Upamecano,player,1998-10-27,186,,Bayern Munich
FRA,8,Lucas Digne,player,1993-07-20,178,,Aston Villa
FRA,9,Aurélien Tchouaméni,player,2000-01-27,188,,Real Madrid
FRA,10,Eduardo Camavinga,player,2002-11-10,185,,Real Madrid
FRA,11,Manu Kone,player,2001-05-17,185,,Roma
FRA,12,Adrien Rabiot,player,1995-04-03,191,,AC Milan
FRA,13,Team Photo,team photo,,,,
FRA,14,Michael Olise,player,2001-12-12,180,,Bayern Munich
FRA,15,Ousmane Dembele,player,1997-05-15,178,,Paris Saint-Germain
FRA,16,Bradley Barcola,player,2002-09-02,182,,Paris Saint-Germain
FRA,17,Désiré Doué,player,2005-06-03,181,,Paris Saint-Germain
FRA,18,Kingsley Coman,player,1996-06-13,181,,Al-Nassr
FRA,19,Hugo Ekitike,player,2002-06-20,190,,Liverpool
FRA,20,Kylian Mbappe,player,1998-12-20,180,,Real Madrid
GER,1,Team Logo,team logo · foil,,,,
GER,2,Marc-André ter Stegen,player,1992-04-30,187,,Girona
GER,3,Jonathan Tah,player,1996-02-11,195,,Bayern Munich
GER,4,David Raum,player,1998-04-22,181,,RB Leipzig
GER,5,Nico Schlotterbeck,player,1999-12-01,191,,Borussia Dortmund
GER,6,Antonio Rüdiger,player,1993-03-03,190,,Real Madrid
GER,7,Waldemar Anton,player,1996-07-20,189,,Borussia Dortmund
GER,8,Ridle Baku,player,1998-04-08,176,,RB Leipzig
GER,9,Maximilian Mittelstadt,player,1997-03-18,180,,VfB Stuttgart
GER,10,Joshua Kimmich,player,1995-02-08,177,,Bayern Munich
GER,11,Florian Wirtz,player,2003-05-03,176,,Liverpool
GER,12,Felix Nmecha,player,2000-10-10,190,,Borussia Dortmund
GER,13,Team Photo,team photo,,,,
GER,14,Leon Goretzka,player,1995-02-06,189,,Bayern Munich
GER,15,Jamal Musiala,player,2003-02-26,186,,Bayern Munich
GER,16,Serge Gnabry,player,1995-07-14,176,,Bayern Munich
GER,17,Kai Havertz,player,1999-06-11,193,,Arsenal
GER,18,Leroy Sane,player,1996-01-11,183,,Galatasaray
GER,19,Karim Adeyemi,player,2002-01-18,180,,Borussia Dortmund
GER,20,Nick Woltemade,player,2002-02-14,198,,Newcastle United
GHA,1,Team Logo,team logo · foil,,,,
GHA,2,Lawrence Ati Zigi,player,1996-11-29,188,,St. Gallen
GHA,3,Tariq Lamptey,player,2000-09-30,163,,Fiorentina
GHA,4,Mohammed Salisu,player,1999-04-17,191,,Monaco
GHA,5,Alidu Seidu,player,2000-06-04,173,,Rennes
GHA,6,Alexander Djiku,player,1994-08-09,182,,Spartak Moscow
GHA,7,Gideon Mensah,player,,,,
GHA,8,Caleb Yirenkyi,player,2006-01-15,182,,Nordsjælland
GHA,9,Abdul Issahaku Fatawu,player,,,,
GHA,10,Thomas Partey,player,1993-06-13,185,,Villarreal
GHA,11,Salis Abdul Samed,player,2000-03-26,179,,Nice
GHA,12,Kamaldeen Sulemana,player,2002-02-15,174,,Atalanta
GHA,13,Team Photo,team photo,,,,
GHA,14,Mohammed Kudus,player,2000-08-02,175,,Tottenham Hotspur
GHA,15,Inaki Williams,player,1994-06-15,186,,Athletic Bilbao
GHA,16,Jordan Ayew,player,1991-09-11,182,,Leicester City
GHA,17,Andrew Ayew,player,,,,
GHA,18,Joseph Paintsil,player,1998-02-01,170,,LA Galaxy
GHA,19,Osman Bukari,player,1998-12-13,170,,Widzew Łódź
GHA,20,Antoine Semenyo,player,2000-01-07,185,,Manchester City
HAI,1,Team Logo,team logo · foil,,,,
HAI,2,Johny Placide,player,1988-01-29,181,,Bastia
HAI,3,Carlens Arcus,player,1996-06-28,180,,Angers
HAI,4,Martin Expérience,player,1999-03-09,178,,Nancy
HAI,5,Jean-Kevin Duverne,player,1997-07-12,186,,Gent
HAI,6,Ricardo Adé,player,1990-05-21,,,L.D.U. Quito
HAI,7,Duke Lacroix,player,1993-10-14,,,Colorado Springs Switchbacks
HAI,8,Garven Metusala,player,1999-12-31,185,,Colorado Springs Switchbacks
HAI,9,Hannes Delcroix,player,1999-02-28,185,,Lugano
HAI,10,Leverton Pierre,player,1998-03-09,181,,Vizela
HAI,11,Danley Jean Jacques,player,2000-05-20,182,,Philadelphia Union
HAI,12,Jean-Ricner Bellegarde,player,1998-06-27,,,Wolverhampton Wanderers
HAI,13,Team Photo,team photo,,,,
HAI,14,Christopher Attys,player,2001-03-13,186,,Triestina
HAI,15,Derrick Etienne Jr,player,,,,
HAI,16,Josue Casimir,player,2001-09-24,178,,Auxerre
HAI,17,Ruben Providence,player,2001-07-07,178,,Almere City
HAI,18,Duckens Nazon,player,1994-04-07,181,,Esteghlal
HAI,19,Louicius Deedson,player,2001-02-11,178,,FC Dallas
HAI,20,Frantzdy Pierrot,player,1995-03-29,194,,Çaykur Rizespor
IRN,1,Team Logo,team logo · foil,,,,
IRN,2,Alireza Beiranvand,player,1992-09-21,195,,Tractor
IRN,3,Morteza Pouraliganji,player,1992-04-19,185,,Persepolis
IRN,4,Ehsan Hajsafi,player,1990-02-25,176,,Sepahan
IRN,5,Milad Mohammadi,player,1993-09-29,175,,Persepolis
IRN,6,Shojae Khalilzadeh,player,1989-05-14,182,,Tractor
IRN,7,Ramin Rezaeian,player,1990-03-21,184,,Foolad (Loan from Esteghlal)
IRN,8,Hossein Kanaani,player,1994-03-23,188,,Persepolis
IRN,9,Sadegh Moharrami,player,1996-03-01,174,,Tractor
IRN,10,Saleh Hardani,player,1998-12-26,,,Esteghlal
IRN,11,Saeed Ezatolahi,player,,,,
IRN,12,Saman Ghoddos,player,1993-09-06,176,,Kalba
IRN,13,Team Photo,team photo,,,,
IRN,14,Omid Noorafkan,player,1997-04-09,184,,Sepahan
IRN,15,Roozbeh Cheshmi,player,1993-07-24,192,,Esteghlal
IRN,16,Mohammad Mohebi,player,1998-12-20,185,,Rostov
IRN,17,Sardar Azmoun,player,1995-01-01,186,,Shabab Al Ahli
IRN,18,Mehdi Taremi,player,1992-07-18,187,,Olympiacos
IRN,19,Alireza Jahanbakhsh,player,1993-08-11,180,,Dender EH
IRN,20,Ali Gholizadeh,player,1996-03-10,176,,Lech Poznań
IRQ,1,Team Logo,team logo · foil,,,,
IRQ,2,Jalal Hassan,player,1991-05-18,188,,Al-Zawraa
IRQ,3,Rebin Sulaka,player,1992-04-12,192,,Port
IRQ,4,Hussein Ali,player,,,,
IRQ,5,Akam Hashem,player,,,,
IRQ,6,Merchas Doski,player,1999-12-07,173,,Viktoria Plzeň
IRQ,7,Zaid Tahseen,player,2001-01-29,193,,Pakhtakor
IRQ,8,Manaf Younis,player,1996-11-16,190,,Al-Shorta
IRQ,9,Zidane Iqbal,player,2003-04-27,181,,Utrecht
IRQ,10,Amir Al-Ammari,player,1997-07-27,184,,Cracovia
IRQ,11,Ibrahim Bavesh,player,,,,
IRQ,12,Ali Jasim,player,2004-01-20,178,,Al-Najma
IRQ,13,Team Photo,team photo,,,,
IRQ,14,Youssef Amyn,player,2003-08-21,172,,AEK Larnaca
IRQ,15,Aimar Sher,player,2002-12-20,175,,Sarpsborg 08
IRQ,16,Marko Farji,player,2004-03-16,,,Venezia
IRQ,17,Osama Rashid,player,1992-01-17,180,,Erbil SC
IRQ,18,Ali Al-Hamadi,player,2002-03-01,184,,Ipswich Town
IRQ,19,Aymen Hussein,player,1996-03-22,189,,Al-Karma
IRQ,20,Mohanad Ali,player,2000-06-20,183,,Dibba
JOR,1,Team Logo,team logo · foil,,,,
JOR,2,Yazeed Abulaila,player,1993-01-08,188,,Al-Hussein
JOR,3,Ihsan Haddad,player,1994-02-05,,,Al-Hussein
JOR,4,Mohammad Abu Hashish,player,1995-05-09,,,Al-Karma
JOR,5,Yazan Al-Arab,player,1996-01-31,188,,FC Seoul
JOR,6,Abdallah Nasib,player,1994-02-25,,,Al-Zawraa
JOR,7,Saleem Obaid,player,,,,
JOR,8,Mohammad Abualnadi,player,2001-02-08,186,,Selangor
JOR,9,Ibrahim Saadeh,player,,,,
JOR,10,Nizar Al-Rashdan,player,1999-03-23,,,Qatar
JOR,11,Noor Al-Rawabdeh,player,1997-02-24,179,,Selangor
JOR,12,Mohannad Abu Taha,player,2003-02-02,176,,Al-Quwa Al-Jawiya
JOR,13,Team Photo,team photo,,,,
JOR,14,Amer Jamous,player,2002-07-03,177,,Al-Zawraa
JOR,15,Musa Al-Taamari,player,1997-06-10,178,,Rennes
JOR,16,Yazan Al-Naimat,player,1999-06-04,180,,Al-Arabi
JOR,17,Mahmoud Al-Mardi,player,1993-10-06,,,Al-Hussein
JOR,18,Ali Olwan,player,2000-03-26,184,,Al-Sailiya
JOR,19,Mohammad Abu Zrayq,player,1997-12-30,168,,Raja CA
JOR,20,Ibrahim Sabra,player,2006-02-01,183,,Lokomotiva Zagreb
JPN,1,Team Logo,team logo · foil,,,,
JPN,2,Zion Suzuki,player,2002-08-21,190,,Parma
JPN,3,Henry Heroki Mochizuki,player,2001-09-20,192,,Machida Zelvia
JPN,4,Ayumu Seko,player,2000-06-07,185,,Le Havre
JPN,5,Junnosuke Suzuki,player,2003-07-12,185,,Copenhagen
JPN,6,Shogo Taniguchi,player,1991-07-15,183,,Sint-Truiden
JPN,7,Tsuyoshi Watanabe,player,1997-02-05,,,Feyenoord
JPN,8,Kaishu Sano,player,2000-12-30,176,,Mainz 05
JPN,9,Yuki Soma,player,1997-02-25,166,,Machida Zelvia
JPN,10,Ao Tanaka,player,1998-09-10,180,,Leeds United
JPN,11,Daichi Kamada,player,1996-08-05,184,,Crystal Palace
JPN,12,Takefusa Kubo,player,2001-06-04,173,,Real Sociedad
JPN,13,Team Photo,team photo,,,,
JPN,14,Ritsu Doan,player,1998-06-16,172,,Eintracht Frankfurt
JPN,15,Keito Nakamura,player,2000-07-28,180,,Reims
JPN,16,Takumi Minamino,player,1995-01-16,172,,Monaco
JPN,17,Shuto Machino,player,1999-09-30,185,,Borussia Mönchengladbach
JPN,18,Junya Ito,player,1993-03-09,176,,Genk
JPN,19,Koki Ogawa,player,,,,
JPN,20,Ayase Ueda,player,1998-08-28,182,,Feyenoord
KOR,1,Team Logo,team logo · foil,,,,
KOR,2,Hyeon-woo Jo,player,,,,
KOR,3,Seung-Gyu Kim,player,,,,
KOR,4,Min-jae Kim,player,,,,
KOR,5,Yu-min Cho,player,,,,
KOR,6,Young-woo Seol,player,,,,
KOR,7,Han-beom Lee,player,,,,
KOR,8,Tae-seok Lee,player,,,,
KOR,9,Myung-jae Lee,player,,,,
KOR,10,Jae-sung Lee,player,,,,
KOR,11,In-beom Hwang,player,,,,
KOR,12,Kang-in Lee,player,2001-02-19,173,,Paris Saint-Germain
KOR,13,Team Photo,team photo,,,,
KOR,14,Seung-ho Paik,player,,,,
KOR,15,Jens Castrop,player,2003-07-29,177,,Borussia Mönchengladbach
KOR,16,Dongg-yeong Lee,player,,,,
KOR,17,Gue-sung Cho,player,,,,
KOR,18,Heung-min Son,player,1992-07-08,183,,Los Angeles FC
KOR,19,Hee-chan Hwang,player,1996-01-26,177,,Wolverhampton Wanderers
KOR,20,Hyeon-Gyu Oh,player,,,,
KSA,1,Team Logo,team logo · foil,,,,
KSA,2,Nawaf Alaqidi,player,,,,
KSA,3,Abdulrahman Al-Sanbi,player,2001-02-03,181,,Al-Ahli
KSA,4,Saud Abdulhamid,player,1999-07-18,171,,Lens
KSA,5,Nawaf Bouwashl,player,,,,
KSA,6,Jihad Thakri,player,,,,
KSA,7,Moteb Al-Harbi,player,2000-02-20,172,,Al-Hilal
KSA,8,Hassan Altambakti,player,,,,
KSA,9,Musab Aljuwayr,player,,,,
KSA,10,Ziyad Aljohani,player,,,,
KSA,11,Abdullah Alkhaibari,player,,,,
KSA,12,Nasser Aldawsari,player,,,,
KSA,13,Team Photo,team photo,,,,
KSA,14,Saleh Abu Alshamat,player,,,,
KSA,15,Marwan Alsahafi,player,,,,
KSA,16,Salem Aldawsari,player,,,,
KSA,17,Abdulrahman Al-Aboud,player,1995-06-01,174,,Al-Ittihad
KSA,18,Feras Akbrikan,player,,,,
KSA,19,Saleh Alshehri,player,1993-11-01,184,,Al-Ittihad
KSA,20,Abdullah Al-Hamdan,player,1999-09-13,184,,Al-Nassr
MAR,1,Team Logo,team logo · foil,,,,
MAR,2,Yassine Bounou,player,1991-04-05,195,,Al Hilal
MAR,3,Munir El Kajoui,player,,,,
MAR,4,Achraf Hakimi,player,1998-11-04,181,,Paris Saint-Germain
MAR,5,Noussair Mazraoui,player,1997-11-14,183,,Manchester United
MAR,6,Nayef Aguerd,player,1996-03-30,190,,Marseille
MAR,7,Roman Saiss,player,,,,
MAR,8,Jawad El Yamio,player,,,,
MAR,9,Adam Masina,player,1994-01-02,189,,| clubnumber =
MAR,10,Sofyan Amrabat,player,1996-08-21,183,,Betis
MAR,11,Azzedine Ounahi,player,2000-04-19,182,,Girona
MAR,12,Eliesse Ben Seghir,player,2005-02-16,178,,Bayer Leverkusen
MAR,13,Team Photo,team photo,,,,
MAR,14,Bilal El Khannouss,player,2004-05-10,180,,VfB Stuttgart
MAR,15,Ismael Saibari,player,2001-01-28,185,,PSV Eindhoven
MAR,16,Youssef En-Nesyri,player,1997-06-01,188,,Al-Ittihad
MAR,17,Abde Ezzalzouli,player,2001-12-17,177,,Betis
MAR,18,Soufiane Rahimi,player,1996-06-02,183,,Al Ain
MAR,19,Brahim Diaz,player,1999-08-03,170,,Real Madrid
MAR,20,Ayoub El Kaabi,player,1993-06-25,182,,Olympiacos
MEX,1,Team Logo,team logo · foil,,,,
MEX,2,Luis Malagón,player,1997-03-02,182,,América
MEX,3,Johan Vasquez,player,,,,
MEX,4,Jorge Sánchez,player,,,,
MEX,5,Cesar Montes,player,1997-02-24,195,,Lokomotiv Moscow
MEX,6,Jesus Gallardo,player,1994-08-15,178,,Toluca
MEX,7,Israel Reyes,player,2000-05-23,180,,América
MEX,8,Diego Lainez,player,2000-06-09,168,,UANL
MEX,9,Carlos Rodriguez,player,,,,
MEX,10,Edson Alvarez,player,1997-10-24,187,,Fenerbahçe
MEX,11,Orbelin Pineda,player,1996-03-24,169,,AEK Athens
MEX,12,Marcel Ruiz,player,,,,
MEX,13,Team Photo,team photo,,,,
MEX,14,Érick Sánchez,player,1999-09-27,167,,América
MEX,15,Hirving Lozano,player,1995-07-30,175,,San Diego FC
MEX,16,Santiago Giménez,player,2001-04-18,185,,AC Milan
MEX,17,Raúl Jiménez,player,1991-05-05,187,,Fulham
MEX,18,Alexis Vega,player,,,,
MEX,19,Roberto Alvarado,player,1998-09-07,176,,Guadalajara
MEX,20,Cesar Huerta,player,,,,
NED,1,Team Logo,team logo · foil,,,,
NED,2,Bart Verbruggen,player,2002-08-18,193,,Brighton & Hove Albion
NED,3,Virgil van Dijk,player,1991-07-08,195,,Liverpool
NED,4,Micky van de Ven,player,2001-04-19,193,,Tottenham Hotspur
NED,5,Jurrien Timber,player,2001-06-17,179,,Arsenal
NED,6,Denzel Dumfries,player,1996-04-18,188,,Inter Milan
NED,7,Nathan Aké,player,1995-02-18,180,,Manchester City
NED,8,Jeremie Frimpong,player,2000-12-10,171,,Liverpool
NED,9,Jan Paul van Hecke,player,2000-06-08,189,,Brighton & Hove Albion
NED,10,Tijjani Reijnders,player,1998-07-29,178,,Manchester City
NED,11,Ryan Gravenberch,player,2002-05-16,190,,Liverpool
NED,12,Teun Koopmeiners,player,1998-02-28,184,,Juventus
NED,13,Team Photo,team photo,,,,
NED,14,Frenkie de Jong,player,1997-05-12,182,,Barcelona
NED,15,Xavi Simons,player,2003-04-21,179,,Tottenham Hotspur
NED,16,Justin Kluivert,player,1999-05-05,171,,Bournemouth
NED,17,Memphis Depay,player,1994-02-13,178,,Corinthians
NED,18,Donyell Malen,player,1999-01-19,176,,Roma
NED,19,Wout Weghorst,player,1992-08-07,197,,Ajax
NED,20,Cody Gakpo,player,1999-05-07,193,,Liverpool
NOR,1,Team Logo,team logo · foil,,,,
NOR,2,Orjan Nyland,player,1990-09-10,192,,Sevilla
NOR,3,Julian Ryerson,player,1997-11-17,183,,Borussia Dortmund
NOR,4,Leo Ostigård,player,,,,
NOR,5,Kristoffer Vassbakk Ajer,player,1998-04-17,198,,Brentford
NOR,6,Marcus Holmgren Pedersen,player,2000-07-16,178,,Torino
NOR,7,David Møller Wolfe,player,2002-04-23,185,,Wolverhampton Wanderers
NOR,8,Torbjørn Heggem,player,1999-01-12,,,Bologna
NOR,9,Morten Thorsby,player,1996-05-05,188,,Cremonese
NOR,10,Martin Ødegaard,player,1998-12-17,178,,Arsenal
NOR,11,Sander Berge,player,1998-02-14,195,,Fulham
NOR,12,Andreas Schjelderup,player,2004-06-01,177,,Benfica
NOR,13,Team Photo,team photo,,,,
NOR,14,Patrick Berg,player,1997-11-24,178,,Bodø/Glimt
NOR,15,Erling Haaland,player,2000-07-21,195,,Manchester City
NOR,16,Alexander Sørloth,player,1995-12-05,195,,Atlético Madrid
NOR,17,Aron Dønnum,player,1998-04-20,179,,Toulouse
NOR,18,Jorgen Strand Larsen,player,2000-02-06,194,,Crystal Palace
NOR,19,Antonio Nusa,player,2005-04-17,183,,RB Leipzig
NOR,20,Oscar Bobb,player,2003-07-12,174,,Fulham
NZL,1,Team Logo,team logo · foil,,,,
NZL,2,Max Crocombe Payne,player,,,,
NZL,3,Alex Paulsen,player,2002-07-04,184,,Lechia Gdańsk
NZL,4,Michael Boxall,player,1988-08-18,188,,Minnesota United
NZL,5,Liberato Cacace,player,2000-09-27,183,,Wrexham
NZL,6,Tim Payne,player,,,,
NZL,7,Tyler Bindon,player,2005-01-27,190,,Nottingham Forest
NZL,8,Francis de Vries,player,1994-11-28,,,Auckland FC
NZL,9,Finn Surman,player,2003-09-23,190,,Portland Timbers
NZL,10,Joe Bell,player,,,,
NZL,11,Sarpreet Singh,player,1999-02-20,180,,Wellington Phoenix
NZL,12,Ryan Thomas,player,1984-06-10,,,
NZL,13,Team Photo,team photo,,,,
NZL,14,Matthew Garbett,player,2002-04-13,188,,Peterborough United
NZL,15,Marko Stamenić,player,2002-02-19,188,,Swansea City
NZL,16,Ben Old,player,2002-08-13,173,,Saint-Étienne
NZL,17,Chris Wood,player,,,,
NZL,18,Elijah Just,player,2000-05-01,174,,Motherwell
NZL,19,Callum McCowatt,player,1999-04-30,179,,Silkeborg
NZL,20,Kosta Barbarouses,player,1990-02-19,171,,Western Sydney Wanderers
PAN,1,Team Logo,team logo · foil,,,,
PAN,2,Orlando Mosquera,player,1994-12-25,191,,Al-Fayha
PAN,3,Luis Mejia,player,1991-03-16,,,Nacional
PAN,4,Fidel Escobar,player,1995-01-09,182,,Deportivo Saprissa
PAN,5,Andres Andrade,player,,,,
PAN,6,Michael Amir Murillo,player,1996-02-11,183,,Beşiktaş
PAN,7,Eric Davis,player,,,,
PAN,8,Jose Cordoba,player,,,,
PAN,9,Cesar Blackman,player,1998-04-02,174,,Slovan Bratislava
PAN,10,Cristian Martinez,player,,,,
PAN,11,Aníbal Godoy,player,1990-02-10,183,,San Diego FC
PAN,12,Adalberto Carrasquilla,player,1998-11-28,170,,UNAM
PAN,13,Team Photo,team photo,,,,
PAN,14,Édgar Bárcenas,player,1993-10-23,175,,| clubnumber     =
PAN,15,Carlos Harvey,player,2000-02-03,185,,Minnesota United
PAN,16,Ismael Díaz,player,,,,
PAN,17,Jose Fajardo,player,,,,
PAN,18,Cecilio Waterman,player,1991-04-13,181,,Universidad de Concepción
PAN,19,Jose Luiz Rodriguez,player,,,,
PAN,20,Alberto Quintero,player,,,,
PAR,1,Team Logo,team logo · foil,,,,
PAR,2,Roberto Fernandez,player,,,,
PAR,3,Orlando Gill,player,2000-06-11,198,,San Lorenzo de Almagro
PAR,4,Gustavo Gomez,player,1993-05-06,185,,Palmeiras
PAR,5,Fabián Balbuena,player,1991-08-23,188,,Grêmio
PAR,6,Juan José Cáceres,player,2000-06-01,173,,Dynamo Moscow
PAR,7,Omar Alderete,player,1996-12-26,188,,Sunderland
PAR,8,Junior Alonso,player,1993-02-09,185,,Atlético Mineiro
PAR,9,Mathías Villasanti,player,1997-01-24,178,,Grêmio
PAR,10,Diego Gomez,player,,,,
PAR,11,Damián Bobadilla,player,2001-07-11,181,,São Paulo
PAR,12,Andres Cubas,player,,,,
PAR,13,Team Photo,team photo,,,,
PAR,14,Matias Galarza Fonda,player,,,,
PAR,15,Julio Enciso,player,,,,
PAR,16,Alejandro Romero Gamarra,player,1995-01-11,171,,Al Ain
PAR,17,Miguel Almirón,player,1994-02-10,174,,Atlanta United
PAR,18,Ramon Sosa,player,,,,
PAR,19,Angel Romero,player,,,,
PAR,20,Antonio Sanabria,player,1996-03-04,182,,Cremonese
POR,1,Team Logo,team logo · foil,,,,
POR,2,Diogo Costa,player,1999-09-19,186,,Porto
POR,3,Jose Sa,player,1993-01-17,192,,Wolverhampton Wanderers
POR,4,Ruben Dias,player,1997-05-14,187,,Manchester City
POR,5,João Cancelo,player,1994-05-27,182,,Barcelona
POR,6,Diogo Dalot,player,1999-03-18,183,,Manchester United
POR,7,Nuno Mendes,player,,,,
POR,8,Gonçalo Inácio,player,2001-08-25,185,,Sporting CP
POR,9,Bernardo Silva,player,1994-08-10,173,,Manchester City
POR,10,Bruno Fernandes,player,,,,
POR,11,Ruben Neves,player,1997-03-13,180,,Al-Hilal
POR,12,Vitinha,player,,,,
POR,13,Team Photo,team photo,,,,
POR,14,João Neves,player,2004-09-27,174,,Paris Saint-Germain
POR,15,Cristiano Ronaldo,player,1985-02-05,187,,Al-Nassr
POR,16,Francisco Trincao,player,1999-12-29,183,,Sporting CP
POR,17,João Felix,player,1999-11-10,181,,Al-Nassr
POR,18,Gonçalo Ramos,player,2001-06-20,185,,Paris Saint-Germain
POR,19,Pedro Neto,player,2000-03-09,172,,Chelsea
POR,20,Rafael Leão,player,1999-06-10,188,,Fc Barcelona
QAT,1,Team Logo,team logo · foil,,,,
QAT,2,Meshaal Barsham,player,1998-02-14,,,Al Sadd
QAT,3,Sultan Albrake,player,,,,
QAT,4,Lucas Mendes,player,,,,
QAT,5,Homam Ahmed,player,1999-08-25,188,,Cultural Leonesa
QAT,6,Boualem Khoukhi,player,1990-07-09,,,Al Sadd
QAT,7,Pedro Miguel,player,,,,
QAT,8,Tarek Salman,player,1997-12-05,179,,Al Sadd
QAT,9,Mohamed Al-Mannai,player,,,,
QAT,10,Karim Boudiaf,player,1990-09-16,190,,Al-Duhail
QAT,11,Assim Madibo,player,1996-10-22,168,,Al-Wakrah
QAT,12,Ahmed Fatehi,player,1993-01-25,,,Al-Arabi
QAT,13,Team Photo,team photo,,,,
QAT,14,Mohammed Waad,player,1999-09-18,183,,Al-Shamal
QAT,15,Abdulaziz Hatem,player,1990-10-28,182,,Al Rayyan
QAT,16,Hassan Al-Haydos,player,1990-12-11,174,,Al-Sadd
QAT,17,Edmilson Junior,player,1994-08-19,182,,Al Duhail
QAT,18,Akram Hassan Afif,player,,,,
QAT,19,Ahmed Al Ganehi,player,2000-09-22,,,Al-Gharafa
QAT,20,Almoez Ali,player,1996-08-19,180,,Al-Duhail
RSA,1,Team Logo,team logo · foil,,,,
RSA,2,Ronwen Williams,player,1992-01-21,184,,Mamelodi Sundowns
RSA,3,Sipho Chaine,player,1996-12-14,,,Orlando Pirates
RSA,4,Aubrey Modiba,player,1995-07-22,,,Mamelodi Sundowns
RSA,5,Samukele Kabini,player,2004-03-15,181,,Molde
RSA,6,Mbekezeli Mbokazi,player,2005-09-19,177,,Chicago Fire
RSA,7,Khulumani Ndamane,player,2004-02-05,183,,Mamelodi Sundowns
RSA,8,Siyabonga Ngezana,player,1997-07-15,188,,FCSB
RSA,9,Khuliso Mudau,player,1995-04-26,181,,Mamelodi Sundowns
RSA,10,Nkosinathi Sibisi,player,1995-09-22,177,,Orlando Pirates
RSA,11,Teboho Mokoena,player,,,,
RSA,12,Thalente Mbatha,player,2000-03-06,164,,Orlando Pirates
RSA,13,Team Photo,team photo,,,,
RSA,14,Bathasi Aubaas,player,,,,
RSA,15,Yaya Sithole,player,1999-03-03,186,,Tondela
RSA,16,Sipho Mbule,player,1998-03-22,,,Orlando Pirates
RSA,17,Lyle Foster,player,2000-09-03,,,Burnley
RSA,18,Iqraam Rayners,player,1995-12-19,176,,Mamelodi Sundowns
RSA,19,Mohau Nkota,player,2004-11-09,168,,Al-Ettifaq
RSA,20,Oswin Appollis,player,2001-08-25,171,,Orlando Pirates
SCO,1,Team Logo,team logo · foil,,,,
SCO,2,Angus Gunn,player,1996-01-22,,,Nottingham Forest
SCO,3,Jack Hendry,player,,,,
SCO,4,Kieran Tierney,player,1997-06-05,,,Celtic
SCO,5,Aaron Hickey,player,2002-06-10,,,Brentford
SCO,6,Andrew Robertson,player,1994-03-11,,,Liverpool
SCO,7,Scott McKenna,player,1996-11-12,,,Dinamo Zagreb
SCO,8,John Souttar,player,1996-09-25,,,Rangers
SCO,9,Anthony Ralston,player,1998-11-16,183,,Celtic
SCO,10,Grant Hanley,player,1991-11-20,,,Hibernian
SCO,11,Scott McTominay,player,1996-12-08,,,Napoli
SCO,12,Billy Gilmour,player,2001-06-11,,,Napoli
SCO,13,Team Photo,team photo,,,,
SCO,14,Lewis Ferguson,player,1999-08-24,,,Bologna
SCO,15,Ryan Christie,player,1995-02-22,,,Bournemouth
SCO,16,Kenny McLean,player,1992-01-08,,,Norwich City
SCO,17,John McGinn,player,1994-10-18,,,Aston Villa
SCO,18,Lyndon Dykes,player,1995-10-07,,,Charlton Athletic
SCO,19,Che Adams,player,1996-07-13,,,Torino
SCO,20,Ben Gannon-Doak,player,2005-11-11,,,Bournemouth
SEN,1,Team Logo,team logo · foil,,,,
SEN,2,Edouard Mendy,player,1992-03-01,194,,Al-Ahli
SEN,3,Yehvann Diouf,player,1999-11-16,188,,Nice
SEN,4,Moussa Niakhaté,player,1996-03-08,190,,Lyon
SEN,5,Abdoulaye Seck,player,,,,
SEN,6,Ismail Jakobs,player,1999-08-17,184,,Galatasaray
SEN,7,El Hadji Malick Diouf,player,2004-12-28,183,,West Ham United
SEN,8,Kalidou Koulibaly,player,1991-06-20,186,,Al-Hilal
SEN,9,Idrissa Gana Gueye,player,1989-09-26,174,,Everton
SEN,10,Pape Matar Sarr,player,2002-09-14,185,,Tottenham Hotspur
SEN,11,Pape Gueye,player,1999-01-24,189,,Villarreal
SEN,12,Habib Diarra,player,2004-01-03,179,,Sunderland
SEN,13,Team Photo,team photo,,,,
SEN,14,Lamine Camara,player,,,,
SEN,15,Sadio Mane,player,1992-04-10,175,,Al-Nassr
SEN,16,Ismaïla Sarr,player,1998-02-25,185,,Crystal Palace
SEN,17,Boulaye Dia,player,1996-11-16,180,,Lazio
SEN,18,Iliman Ndiaye,player,2000-03-06,180,,Everton
SEN,19,Nicolas Jackson,player,,,,
SEN,20,Krepin Diatta,player,1999-02-25,175,,Monaco
SUI,1,Team Logo,team logo · foil,,,,
SUI,2,Gregor Kobel,player,1997-12-06,195,,Borussia Dortmund
SUI,3,Yvon Mvogo,player,1994-06-06,187,,Lorient
SUI,4,Manuel Akanji,player,1995-07-19,188,,Inter Milan
SUI,5,Ricardo Rodriguez,player,,,,
SUI,6,Nico Elvedi,player,1996-09-30,187,,Borussia Mönchengladbach
SUI,7,Aurèle Amenda,player,2003-07-31,197,,Eintracht Frankfurt
SUI,8,Silvan Widmer,player,1993-03-05,183,,Mainz 05
SUI,9,Granit Xhaka,player,1992-09-27,186,,Sunderland
SUI,10,Denis Zakaria,player,1996-11-20,191,,Monaco
SUI,11,Remo Freuler,player,1992-04-15,181,,Bologna
SUI,12,Fabian Rieder,player,2002-02-16,181,,FC Augsburg
SUI,13,Team Photo,team photo,,,,
SUI,14,Ardon Jashari,player,2002-07-30,181,,AC Milan
SUI,15,Johan Manzambi,player,2005-10-14,182,,SC Freiburg
SUI,16,Michel Aebischer,player,1997-01-06,183,,Pisa
SUI,17,Breel Embolo,player,1997-02-14,187,,Rennes
SUI,18,Ruben Vargas,player,1998-08-05,177,,Sevilla
SUI,19,Dan Ndoye,player,2000-10-25,183,,Nottingham Forest
SUI,20,Zeki Amdouni,player,2000-12-04,185,,Burnley
SWE,1,Team Logo,team logo · foil,,,,
SWE,2,Victor Johansson,player,1998-09-13,,,
SWE,3,Isak Hien,player,1999-01-13,191,,Atalanta
SWE,4,Gabriel Gudmundsson,player,1999-04-29,180,,Leeds United
SWE,5,Emil Holm,player,,,,
SWE,6,Victor Nilsson Lindelöf,player,1994-07-17,187,,Aston Villa
SWE,7,Gustaf Lagerbielke,player,,,,
SWE,8,Lucas Bergvall,player,2006-02-02,187,,Tottenham Hotspur
SWE,9,Hugo Larsson,player,,,,
SWE,10,Jesper Karlström,player,1995-06-21,182,,Udinese
SWE,11,Yasin Ayari,player,2003-10-06,172,,Brighton & Hove Albion
SWE,12,Mattias Svanberg,player,1999-01-05,185,,VfL Wolfsburg
SWE,13,Team Photo,team photo,,,,
SWE,14,Daniel Svensson,player,1977-11-20,,,
SWE,15,Ken Sema,player,1993-09-30,180,,Pafos
SWE,16,Roony Bardghji,player,2005-11-15,173,,Barcelona
SWE,17,Dejan Kulusevski,player,2000-04-25,186,,Tottenham Hotspur
SWE,18,Anthony Elanga,player,2002-04-27,178,,Newcastle United
SWE,19,Alexander Isak,player,1999-09-21,192,,Liverpool
SWE,20,Viktor Gyökeres,player,1998-06-04,189,,Arsenal
TUN,1,Team Logo,team logo · foil,,,,
TUN,2,Bechir Ben Said,player,1992-11-29,193,,Espérance de Tunis
TUN,3,Aymen Dahmen,player,1997-01-28,188,,CS Sfaxien
TUN,4,Yan Valery,player,1999-02-22,185,,Young Boys
TUN,5,Montassar Talbi,player,1998-05-26,190,,Lorient
TUN,6,Yassine Meriah,player,1993-07-02,188,,Espérance de Tunis
TUN,7,Ali Abdi,player,,,,
TUN,8,Dylan Bronn,player,1995-06-19,186,,Servette
TUN,9,Ellyes Skhiri,player,1995-05-10,,,Eintracht Frankfurt
TUN,10,Aissa Laidouni,player,1996-12-13,183,,Al-Wakrah
TUN,11,Ferjani Sassi,player,1992-03-18,186,,Al-Gharafa
TUN,12,Mohamed Ali Ben Romdhane,player,1999-09-06,180,,Al Ahly
TUN,13,Team Photo,team photo,,,,
TUN,14,Hannibal Mejbri,player,2003-01-21,184,,Burnley
TUN,15,Elias Achouri,player,1999-02-10,177,,Copenhagen
TUN,16,Elias Saad,player,1999-12-27,185,,Hannover 96
TUN,17,Hazem Mastouri,player,1997-06-18,191,,Dynamo Makhachkala
TUN,18,Ismael Gharbi,player,2004-04-10,173,,FC Augsburg
TUN,19,Sayfallah Ltaief,player,2000-04-22,178,,Greuther Fürth
TUN,20,Naim Sliti,player,1992-07-27,173,,Al Shamal
TUR,1,Team Logo,team logo · foil,,,,
TUR,2,Ugurcan Cakir,player,1996-04-05,191,,Galatasaray
TUR,3,Mert Muldur,player,1999-04-03,188,,Fenerbahçe
TUR,4,Zeki Celik,player,1997-02-17,180,,Roma
TUR,5,Abdulkerim Bardakci,player,1994-09-07,185,,Galatasaray
TUR,6,Caglar Soyuncu,player,1996-05-23,185,,Fenerbahçe
TUR,7,Merih Demiral,player,1998-03-05,190,,Al-Ahli
TUR,8,Ferdi Kadioglu,player,1999-10-07,178,,Brighton & Hove Albion
TUR,9,Kaan Ayhan,player,1994-11-10,185,,Galatasaray
TUR,10,Ismail Yuksek,player,1999-01-26,183,,Fenerbahçe
TUR,11,Hakan Calhanoglu,player,1994-02-08,178,,Inter Milan
TUR,12,Orkun Kokcu,player,2000-12-29,175,,Beşiktaş
TUR,13,Team Photo,team photo,,,,
TUR,14,Arda Guler,player,2005-02-25,175,,Real Madrid
TUR,15,Irfan Can Kahveci,player,1995-07-15,176,,Kasımpaşa
TUR,16,Yunus Akgun,player,2000-07-07,173,,Galatasaray
TUR,17,Can Uzun,player,2005-11-11,186,,Eintracht Frankfurt
TUR,18,Baris Alper Yilmaz,player,,,,
TUR,19,Kerem Akturkoglu,player,1998-10-21,173,,Fenerbahçe
TUR,20,Kenan Yildiz,player,2005-05-04,185,,Juventus
URU,1,Team Logo,team logo · foil,,,,
URU,2,Sergio Rochet,player,1993-03-23,189,,Internacional
URU,3,Santiago Mele,player,1997-09-06,,,Monterrey
URU,4,Ronald Araujo,player,1999-03-07,191,,Barcelona
URU,5,José María Giménez,player,1995-01-20,185,,Atlético Madrid
URU,6,Sebastian Caceres,player,,,,
URU,7,Mathias Olivera,player,,,,
URU,8,Guillermo Varela,player,1993-03-24,173,,Flamengo
URU,9,Nahitan Nandez,player,1995-12-28,172,,Al-Qadsiah
URU,10,Federico Valverde,player,1998-07-22,182,,Real Madrid
URU,11,Giorgian De Arrascaeta,player,1994-06-01,174,,Flamengo
URU,12,Rodrigo Bentancur,player,1997-06-25,187,,Tottenham Hotspur
URU,13,Team Photo,team photo,,,,
URU,14,Manuel Ugarte,player,,,,
URU,15,Nicolás de la Cruz,player,1997-06-01,167,,Flamengo
URU,16,Maxi Araujo,player,,,,
URU,17,Darwin Núñez,player,1999-06-24,187,,Al-Hilal
URU,18,Federico Viñas,player,1998-06-30,181,,Oviedo
URU,19,Rodrigo Aguirre,player,1994-10-01,186,,UANL
URU,20,Facundo Pellistri,player,2001-12-20,175,,Panathinaikos
USA,1,Team Logo,team logo · foil,,,,
USA,2,Math Freese,player,,,,
USA,3,Chris Richards,player,,,,
USA,4,Tim Ream,player,1987-10-05,,,Charlotte FC
USA,5,Mark McKenzie,player,,,,
USA,6,Alex Freeman,player,2004-08-09,,,Villarreal
USA,7,Antonee Robinson,player,1997-08-08,,,Fulham
USA,8,Tyler Adams,player,,,,
USA,9,Tanner Tessmann,player,2001-09-24,,,Lyon
USA,10,Weston McKenny,player,,,,
USA,11,Christian Roldan,player,,,,
USA,12,Timothy Weah,player,2000-02-22,,,Marseille
USA,13,Team Photo,team photo,,,,
USA,14,Diego Luna,player,1979-12-29,,,
USA,15,Malik Tillman,player,2002-05-28,,,Bayer Leverkusen
USA,16,Christian Pulisic,player,1998-09-18,,,AC Milan
USA,17,Brenden Aaronson,player,2000-10-22,,,Leeds United
USA,18,Ricardo Pepi,player,2003-01-09,,,PSV
USA,19,Haji Wright,player,1998-03-27,,,Coventry City
USA,20,Folarin Balogun,player,2001-07-03,,,Monaco
UZB,1,Team Logo,team logo · foil,,,,
UZB,2,Utkir Yusupov,player,1991-01-04,185,,Navbahor
UZB,3,Farrukh Savfiev,player,,,,
UZB,4,Sherzod Nasrullaev,player,1998-07-23,,,Nasaf
UZB,5,Umar Eshmurodov,player,1992-11-30,185,,Nasaf
UZB,6,Husniddin Aliqulov,player,1999-04-04,186,,Çaykur Rizespor
UZB,7,Rustamjon Ashurmatov,player,1996-07-07,186,,Esteghlal
UZB,8,Khojiakbar Alijonov,player,1997-04-19,180,,Pakhtakor
UZB,9,Abdukodir Khusanov,player,2004-02-29,186,,Manchester City
UZB,10,Odiljon Hamrobekov,player,1996-02-13,178,,Tractor S.C.
UZB,11,Otabek Shukurov,player,1996-06-22,182,,Baniyas
UZB,12,Jamshid Iskanderov,player,1993-10-16,,,Neftchi Fergana
UZB,13,Team Photo,team photo,,,,
UZB,14,Azizbek Turgunboev,player,1994-10-01,173,,Andijon
UZB,15,Khojimat Erkinov,player,2001-05-29,174,,Pakhtakor
UZB,16,Eldor Shomurodov,player,1995-06-29,190,,İstanbul Başakşehir
UZB,17,Oston Urunov,player,2000-12-19,181,,Persepolis
UZB,18,Jaloliddin Masharipov,player,1993-09-01,173,,Esteghlal
UZB,19,Igor Sergeev,player,1993-04-30,185,,Persepolis
UZB,20,Abbosbek Fayzullaev,player,2003-10-03,167,,İstanbul Başakşehir
